"OC_CODICE_PROGRAMMA";"x_CICLO";"x_AMBITO";"x_GRUPPO";"x_PROGRAMMA";"x_REGNAZ";"TIPO";"NOTE"
"FSC_1420_CDD_04";"2014-2020";"FSC";"ALTRO";"AUTOSTRADA A24-A25";"NAZ";4;
"2014TC16M4TN002";"2014-2020";"CTE";"TRANSNATIONAL";"ADRION";"NAZ";0;
"FSC_1420_CDD_10";"2014-2020";"FSC";"ALTRO";"ALLUVIONE SARDEGNA";"NAZ";4;
"2014TC16RFTN001";"2014-2020";"CTE";"TRANSNATIONAL";"ALPINE SPACE";"NAZ";0;
"2017AUTOIMPIEG";"2014-2020";"FSC";"ALTRI CIPE";"AUTOIMPIEGO";"NAZ";0;"Era: vuoto30"
"FSC_1420_CDD_07";"2014-2020";"FSC";"ALTRI CIPE";"AZIONI DI SISTEMA";"NAZ";4;
"FSC_1420_CDD_09";"2014-2020";"FSC";"ALTRO";"BANDO AREE URBANE DEGRADATE";"NAZ";4;
"FSCPERIFERIE";"2014-2020";"FSC";"ALTRO";"BANDO SICUREZZA PERIFERIE";"NAZ";4;
"2018CAPCULTFSC";"2014-2020";"FSC";"ALTRI CIPE";"CAPITALI ITALIANE DELLA CULTURA";"NAZ";0;
"2014TC16RFTN003";"2014-2020";"CTE";"TRANSNATIONAL";"CENTRAL EUROPE";"NAZ";0;
"COMMTARANTOFSC";"2014-2020";"FSC";"ALTRI CIPE";"CIS AREA DI TARANTO";"NAZ";3;"Verificare se va accorpato a CIS Taranto"
"2016XXPCMFSC002";"2014-2020";"FSC";"ALTRI CIPE";"CITTADELLA GIUDIZIARIA DI SALERNO";"NAZ";0;
"RISOR_ADD";"2014-2020";"FSC";"COFINANZIAMENTO";"Cofinanziamento risorse addizionali comunitarie";"NAZ";4;
"2017NAPOLI-POZZ";"2007-2013";"FSC";"NAZ-INF";"COLLEGAMENTO PORTO DI POZZUOLI";"NAZ";0;"Monitorato su BDU 2014-2020"
"2007IT005FAMAC";"2007-2013";"FSC";"CHK";"COMPENSAZIONI AMBIENTALI CAMPANIA";"CAMPANIA";0;
"FSC_1420_CDD_21";"2014-2020";"FSC";"ALTRI CIPE";"COMPLETAMENTI";"NAZ";4;
"2007AN0021FA01";"2007-2013";"FSC";"CHK";"COMPLETAMENTO SALERNO-REGGIO CALABRIA";"NAZ";0;
"2015MSIAIFSC011";"2014-2020";"FSC";"ALTRI CIPE";"CONTRATTI DI SVILUPPO";"NAZ";0;
"2019AGCOEFSC001";"2014-2020";"FSC";"ALTRI CIPE";"CPT";"NAZ";0;
"FSC_1420_CDD_25";"2014-2020";"FSC";"ALTRO";"CREDITO D'IMPOSTA INVESTIMENTI";"NAZ";4;
"FSC_1420_CDD_05";"2014-2020";"FSC";"ALTRO";"EDIFICI SCOLASTICI STATALI";"NAZ";4;
"2014TC16RFIR004";"2014-2020";"CTE";"INTERREGIONAL";"ESPON";"NAZ";0;
"2007CB163PO022";"2007-2013";"CTE";"INTERREGIONAL";"ESPON";"NAZ";0;
"FSC_1420_CDD_03";"2014-2020";"FSC";"ALTRO";"EVENTI CALAMITOSI 2009";"NAZ";4;
"FONDOGARANFSC";"2014-2020";"FSC";"ALTRI CIPE";"FONDO DI GARANZIA PMI";"NAZ";0;
"FSC_1420_CDD_20";"2014-2020";"FSC";"ALTRO";"FONDO DI GARANZIA PMI (RIDUZIONE)";"NAZ";4;
"FSC_1420_CDD_26";"2014-2020";"FSC";"ALTRO";"FONDO IMPRESE SUD PMI";"NAZ";4;
"2018FSCGIOVIMP";"2014-2020";"FSC";"ALTRI CIPE";"GIOVANI IMPRENDITORI NEL MEZZOGIORNO";"NAZ";0;
"33";"2000-2006";"FSC";"APQ";"IIP FAS ABRUZZO";"ABRUZZO";0;
"37";"2000-2006";"FSC";"APQ";"IIP FAS BASILICATA";"BASILICATA";0;
"38";"2000-2006";"FSC";"APQ";"IIP FAS CALABRIA";"CALABRIA";0;
"35";"2000-2006";"FSC";"APQ";"IIP FAS CAMPANIA";"CAMPANIA";0;
"28";"2000-2006";"FSC";"APQ";"IIP FAS EMILIA ROMAGNA";"EMILIA-ROMAGNA";0;
"26";"2000-2006";"FSC";"APQ";"IIP FAS FRIULI-VENEZIA GIULIA";"FRIULI-VENEZIA GIULIA";0;
"42";"2000-2006";"FSC";"APQ";"IIP FAS INTESA NON FORMALIZZATA";"NAZ";0;
"32";"2000-2006";"FSC";"APQ";"IIP FAS LAZIO";"LAZIO";0;
"27";"2000-2006";"FSC";"APQ";"IIP FAS LIGURIA";"LIGURIA";0;
"1";"2000-2006";"FSC";"APQ";"IIP FAS LOMBARDIA";"LOMBARDIA";0;
"4";"2000-2006";"FSC";"APQ";"IIP FAS MARCHE";"MARCHE";0;
"34";"2000-2006";"FSC";"APQ";"IIP FAS MOLISE";"MOLISE";0;
"50";"2000-2006";"FSC";"APQ";"IIP FAS MULTIREGIONALE";"NAZ";0;
"41";"2000-2006";"FSC";"APQ";"IIP FAS P.A. BOLZANO";"PA BOLZANO";0;
"40";"2000-2006";"FSC";"APQ";"IIP FAS P.A. TRENTO";"PA TRENTO";0;
"21";"2000-2006";"FSC";"APQ";"IIP FAS PIEMONTE";"PIEMONTE";0;
"36";"2000-2006";"FSC";"APQ";"IIP FAS PUGLIA";"PUGLIA";0;
"5";"2000-2006";"FSC";"APQ";"IIP FAS SARDEGNA";"SARDEGNA";0;
"39";"2000-2006";"FSC";"APQ";"IIP FAS SICILIA";"SICILIA";0;
"2";"2000-2006";"FSC";"APQ";"IIP FAS TOSCANA";"TOSCANA";0;
"3";"2000-2006";"FSC";"APQ";"IIP FAS UMBRIA";"UMBRIA";0;
"22";"2000-2006";"FSC";"APQ";"IIP FAS VALLE D'AOSTA";"VALLE D'AOSTA";0;
"25";"2000-2006";"FSC";"APQ";"IIP FAS VENETO";"VENETO";0;
"FSC_1420_CDD_02";"2014-2020";"FSC";"ALTRO";"ILVA";"NAZ";4;
"FSCRESTOSUDAGR";"2014-2020";"FSC";"ALTRO";"IMPRENDITORIA GIOVANILE AGRICOLTURA";"NAZ";4;
"2014TC16RFIR002";"2014-2020";"CTE";"INTERREGIONAL";"INTERACT";"NAZ";0;
"2007CB163PO015";"2007-2013";"CTE";"INTERREGIONAL";"INTERACT";"NAZ";0;
"2014TC16RFIR001";"2014-2020";"CTE";"INTERREGIONAL";"INTERREG EUROPE";"NAZ";0;
"2014TC16RFCB034";"2014-2020";"CTE";"CROSSBORDER";"INTERREG FR-ITA ALCOTRA";"NAZ";0;
"2014TC16RFCB020";"2014-2020";"CTE";"CROSSBORDER";"INTERREG GRE-ITALY";"NAZ";0;
"2007CB163PO060";"2007-2013";"CTE";"CROSSBORDER";"INTERREG GRE-ITALY";"NAZ";0;
"2014TC16RFCB052";"2014-2020";"CTE";"CROSSBORDER";"INTERREG ITA-AUS";"NAZ";0;
"2014TC16RFCB033";"2014-2020";"CTE";"CROSSBORDER";"INTERREG ITA-FRA MARITIME";"NAZ";0;
"2014TC16RFCB042";"2014-2020";"CTE";"CROSSBORDER";"INTERREG ITA-HRO";"NAZ";0;
"2014TC16RFCB037";"2014-2020";"CTE";"CROSSBORDER";"INTERREG ITA-MLT";"NAZ";0;
"2014TC16RFCB036";"2014-2020";"CTE";"CROSSBORDER";"INTERREG ITA-SLO";"NAZ";0;
"2014TC16RFCB035";"2014-2020";"CTE";"CROSSBORDER";"INTERREG ITA-SWI";"NAZ";0;
"2007CB16IPO001";"2007-2013";"CTE";"IPA";"IPA-ADRIATICO";"NAZ";0;
"2014TC16I5CB008";"2014-2020";"CTE";"IPA";"IPA-CBC ITA-ALB-MON";"NAZ";0;
"2016PCDPCFSC005";"2014-2020";"FSC";"ALTRO";"ISTITUTI STUDI STORICI E FILOSOFICI NAPOLI";"NAZ";4;
"2007CB163PO046";"2007-2013";"CTE";"INTERREGIONAL";"IV C";"NAZ";0;
"2015PCDPCFSC018";"2014-2020";"FSC";"ALTRI CIPE";"LAMPEDUSA";"NAZ";4;
"2012XMITRFSC005";"2007-2013";"FSC";"CHK";"LINEA METROPOLITANA DI MILANO M5";"NAZ";0;"Monitorato su BDU 2014-2020"
"2018MATERAFSC";"2014-2020";"FSC";"ALTRI CIPE";"MATERA CAPITALE DELLA CULTURA 2019";"NAZ";0;
"2014TC16M4TN001";"2014-2020";"CTE";"TRANSNATIONAL";"MED";"NAZ";0;
"2016MEFDTFSC001";"2014-2020";"FSC";"ALTRO";"METANIZZAZIONE";"NAZ";4;
"FSCMUSEOTERME";"2007-2013";"FSC";"NAZ-NEW";"MUSEO DELLE TERME DI MONTECATINI";"NAZ";0;
"2007IT001FAOS1";"2007-2013";"FSC";"ODS";"ODS ABRUZZO";"ABRUZZO";0;
"2007IT001FAOS5";"2007-2013";"FSC";"ODS";"ODS BASILICATA";"BASILICATA";0;
"2007IT001FAOS6";"2007-2013";"FSC";"ODS";"ODS CALABRIA";"CALABRIA";0;
"2007IT001FAOS3";"2007-2013";"FSC";"ODS";"ODS CAMPANIA";"CAMPANIA";0;
"2007IT001FAOS9";"2007-2013";"FSC";"ODS";"ODS MIUR";"NAZ";0;
"2007IT001FAOS2";"2007-2013";"FSC";"ODS";"ODS MOLISE";"MOLISE";0;
"2007IT001FAOS4";"2007-2013";"FSC";"ODS";"ODS PUGLIA";"PUGLIA";0;
"2007IT001FAOS8";"2007-2013";"FSC";"ODS";"ODS SARDEGNA";"SARDEGNA";0;
"2007IT001FAOS7";"2007-2013";"FSC";"ODS";"ODS SICILIA";"SICILIA";0;
"2007LA002FA004";"2007-2013";"FSC";"REG";"PA LAZIO";"LAZIO";0;
"2007IT003FA001";"2007-2013";"FSC";"CHK";"PA MIT DGES";"NAZ";0;
"2007IT003FA002";"2007-2013";"FSC";"CHK";"PA MIT STM";"NAZ";0;
"2007IT001FA004";"2007-2013";"FSC";"NAZ-NEW";"PA SICUREZZA EDIFICI SCOLASTICI";"NAZ";0;
"2013ABXXXPAC00";"2007-2013";"POC";"PACR";"PAC ABRUZZO";"ABRUZZO";2;"Duplicato lato IGRUE"
"2015ABXXXPAC00";"2007-2013";"POC";"PACR";"PAC ABRUZZO";"ABRUZZO";2;"Duplicato lato IGRUE (vuoto)"
"2017BAXXXPAC00";"2007-2013";"POC";"PACR";"PAC BASILICATA";"BASILICATA";0;
"2012CLXXXPAC00";"2007-2013";"POC";"PACR";"PAC CALABRIA";"CALABRIA";0;
"2012CAXXXPAC00";"2007-2013";"POC";"PACR";"PAC CAMPANIA";"CAMPANIA";0;
"2013FVGXXPAC00";"2007-2013";"POC";"PACR";"PAC FRIULI VENEZIA GIULIA";"FRIULI-VENEZIA GIULIA";0;
"2014ACTXXPAC00";"2007-2013";"POC";"PACN";"PAC GOVERNANCE";"NAZ";0;
"2012MIBACPAC21";"2007-2013";"POC";"PACN";"PAC MIBACT";"NAZ";0;
"2012MINTXPAC21";"2007-2013";"POC";"PACN";"PAC MININT SERVIZI DI CURA";"NAZ";0;
"2012MINTXPAC22";"2007-2013";"POC";"PACN";"PAC MININT SICUREZZA E LEGALITA'";"NAZ";0;
"2012MINTXPAC23";"2007-2013";"POC";"PACN";"PAC MININT SICUREZZA E LEGALITA' IN CALABRIA";"NAZ";0;
"2012MINTXPAC22:::2012NZ000OC001";"2007-2013";"POC";"PACN";"PAC MINISTERO DELL'INTERNO - PIANO AZIONE GIOVANI SICUREZZA E LEGALITA' :::POC SICUREZZA";"NAZ";1;
"2012MISE1PAC21";"2007-2013";"POC";"PACN";"PAC MISE AUTOIMPIEGO E AUTOIMPRENDITORIALITA'";"NAZ";0;
"2012MISE2PAC21";"2007-2013";"POC";"PACN";"PAC MISE ENERGIA";"NAZ";0;
"2012MISE1PAC22";"2007-2013";"POC";"PACN";"PAC MISE IMPRESE, DOMANDA PUBBLICA E PROMOZIONE";"NAZ";0;
"2012MISE3PAC31";"2007-2013";"POC";"PACN";"PAC MISE MISURE ANTICICLICHE";"NAZ";0;
"2012MISE1PAC31";"2007-2013";"POC";"PACN";"PAC MISE NUOVE AZIONI E MISURE ANTICICLICHE";"NAZ";0;
"2012MITXXPAC33";"2007-2013";"POC";"PACN";"PAC MIT PIANO CITTA'";"NAZ";0;
"2012MITXXPAC32";"2007-2013";"POC";"PACN";"PAC MIT SALVAGUARDIA";"NAZ";0;
"2012MIURXPAC21";"2007-2013";"POC";"PACN";"PAC MIUR";"NAZ";0;
"2012MLPSXPAC21";"2007-2013";"POC";"PACN";"PAC MLPS APPRENDISTATO E NEET";"NAZ";0;
"2014MOXXXPAC00";"2007-2013";"POC";"PACR";"PAC MOLISE";"MOLISE";0;
"2016BOXXXPAC00";"2007-2013";"POC";"PACR";"PAC PA BOLZANO";"PA BOLZANO";0;
"2012PCMDGPAC21";"2007-2013";"POC";"PACN";"PAC PCM GIOVENTU'";"NAZ";0;
"2016PIXXXPAC00";"2007-2013";"POC";"PACR";"PAC PIEMONTE";"PIEMONTE";0;
"2012PUXXXPAC00";"2007-2013";"POC";"PACR";"PAC PUGLIA";"PUGLIA";0;
"2012SAXXXPAC00";"2007-2013";"POC";"PACR";"PAC SARDEGNA";"SARDEGNA";0;
"2012SIXXXPAC00";"2007-2013";"POC";"PACR";"PAC SICILIA";"SICILIA";0;
"2013UMXXXPAC00";"2007-2013";"POC";"PACR";"PAC UMBRIA";"UMBRIA";2;"Duplicato lato IGRUE"
"2015UMXXXPAC00";"2007-2013";"POC";"PACR";"PAC UMBRIA";"UMBRIA";2;"Duplicato lato IGRUE (vuoto)"
"2012VAXXXPAC00";"2007-2013";"POC";"PACR";"PAC VALLE D'AOSTA";"VALLE D'AOSTA";0;
"FSC_1420_CDD_06";"2014-2020";"FSC";"ALTRI CIPE";"PALAZZO DI GIUSTIZIA DI LECCO";"NAZ";4;"Coda 713"
"2017PALGIURCFSC";"2014-2020";"FSC";"ALTRI CIPE";"PALAZZO DI GIUSTIZIA DI REGGIO CALABRIA";"NAZ";0;
"2007IT001FA006";"2007-2013";"FSC";"CHK";"PAN RICERCA E COMPETITIVITA'";"NAZ";9;
"2007AB002FA001";"2007-2013";"FSC";"REG";"PAR FSC ABRUZZO";"ABRUZZO";0;
"2007EM002FA002";"2007-2013";"FSC";"REG";"PAR FSC EMILIA ROMAGNA";"EMILIA-ROMAGNA";0;
"2007FR002FA003";"2007-2013";"FSC";"REG";"PAR FSC FRIULI VENEZIA GIULIA";"FRIULI-VENEZIA GIULIA";0;
"2007LI002FA005";"2007-2013";"FSC";"REG";"PAR FSC LIGURIA";"LIGURIA";0;
"2007LO002FA006";"2007-2013";"FSC";"REG";"PAR FSC LOMBARDIA";"LOMBARDIA";0;
"2007MA002FA007";"2007-2013";"FSC";"REG";"PAR FSC MARCHE";"MARCHE";0;
"2007MO002FA009";"2007-2013";"FSC";"REG";"PAR FSC MOLISE";"MOLISE";0;
"2007TR002FA010";"2007-2013";"FSC";"REG";"PAR FSC P.A. TRENTO";"PA TRENTO";0;
"2007BO002FA009";"2007-2013";"FSC";"REG";"PAR FSC PA BOLZANO";"PA BOLZANO";0;
"2007PI002FA011";"2007-2013";"FSC";"REG";"PAR FSC PIEMONTE";"PIEMONTE";0;
"2007TO003FA012";"2007-2013";"FSC";"REG";"PAR FSC TOSCANA";"TOSCANA";0;
"2007TO002FA012";"2007-2013";"FSC";"REG";"PAR FSC TOSCANA";"TOSCANA";9;
"2007UM002FA013";"2007-2013";"FSC";"REG";"PAR FSC UMBRIA";"UMBRIA";0;
"2007VA002FA014";"2007-2013";"FSC";"REG";"PAR FSC VALLE D'AOSTA";"VALLE D'AOSTA";0;
"2007VE002FA015";"2007-2013";"FSC";"REG";"PAR FSC VENETO";"VENETO";0;
"2007SI002FAPA1";"2007-2013";"FSC";"NAZ-PCM";"PAS COMUNE DI PALERMO";"NAZ";0;
"2007IT001FA005";"2007-2013";"FSC";"CHK";"PAS DIRETTRICI FERROVIARIE";"NAZ";0;
"2007IT005FAMG1";"2007-2013";"FSC";"CHK";"PAS GIUSTIZIA CIVILE";"NAZ";0;
"2007IT002FA030";"2007-2013";"FSC";"NAZ-PCM";"PAS RI.MED.";"NAZ";0;
"2007EM002FA003";"2007-2013";"FSC";"REG";"PAS RICOSTRUZIONE EMILIA-ROMAGNA";"EMILIA-ROMAGNA";0;
"2007IT004FABC1";"2007-2013";"FSC";"NAZ-ALT";"PAS SEDI MUSEALI NAZIONALI";"NAZ";0;
"2016PATTIABR";"2014-2020";"FSC";"PATTI";"PATTO ABRUZZO";"ABRUZZO";0;
"2016PATTIBARI";"2014-2020";"FSC";"PATTI";"PATTO BARI";"PUGLIA";0;
"2016PATTIBASIL";"2014-2020";"FSC";"PATTI";"PATTO BASILICATA";"BASILICATA";0;
"2018POFSCBO";"2014-2020";"FSC";"PATTI";"PATTO BOLOGNA";"EMILIA-ROMAGNA";0;
"2016PATTICAGL";"2014-2020";"FSC";"PATTI";"PATTO CAGLIARI";"SARDEGNA";0;
"2016PATTICAL";"2014-2020";"FSC";"PATTI";"PATTO CALABRIA";"CALABRIA";0;
"2016PATTICAMP";"2014-2020";"FSC";"PATTI";"PATTO CAMPANIA";"CAMPANIA";0;
"2016PATTICAT";"2014-2020";"FSC";"PATTI";"PATTO CATANIA";"SICILIA";0;
"2018POFSCEMROM";"2014-2020";"FSC";"PATTI";"PATTO EMILIA-ROMAGNA";"EMILIA-ROMAGNA";0;
"2016PATTIFIR";"2014-2020";"FSC";"PATTI";"PATTO FIRENZE";"TOSCANA";0;
"2016PATTIGEN";"2014-2020";"FSC";"PATTI";"PATTO GENOVA";"LIGURIA";0;
"2016PATTILAZ";"2014-2020";"FSC";"PATTI";"PATTO LAZIO";"LAZIO";0;
"2016PATTILOMB";"2014-2020";"FSC";"PATTI";"PATTO LOMBARDIA";"LOMBARDIA";0;
"2016PATTIMES";"2014-2020";"FSC";"PATTI";"PATTO MESSINA";"SICILIA";0;
"2016PATTIMIL";"2014-2020";"FSC";"PATTI";"PATTO MILANO";"LOMBARDIA";0;
"2016PATTIMOL";"2014-2020";"FSC";"PATTI";"PATTO MOLISE";"MOLISE";0;
"2016PATTINAP";"2014-2020";"FSC";"PATTI";"PATTO NAPOLI";"CAMPANIA";0;
"2016PATTIPAL";"2014-2020";"FSC";"PATTI";"PATTO PALERMO";"SICILIA";0;
"2016PATTICAMP:::2017POIMPCOMFSC";"2014-2020";"FSC";"PIANI";"PATTO CAMPANIA + PIANO FSC IMPRESE E COMPETITIVITA'";"CAMPANIA";1;
"2016PATTIPUG";"2014-2020";"FSC";"PATTI";"PATTO PUGLIA";"PUGLIA";0;
"2016PATTIRC";"2014-2020";"FSC";"PATTI";"PATTO REGGIO CALABRIA";"CALABRIA";0;
"2016PATTISARD";"2014-2020";"FSC";"PATTI";"PATTO SARDEGNA";"SARDEGNA";0;
"2016PATTISICI";"2014-2020";"FSC";"PATTI";"PATTO SICILIA";"SICILIA";0;
"2016PATTIVEN";"2014-2020";"FSC";"PATTI";"PATTO VENEZIA";"VENETO";0;
"2016MISEBULFSC1";"2014-2020";"FSC";"PIANI";"PIANO FSC BANDA ULTRA LARGA";"NAZ";0;
"2007PB006MA025";"2007-2013";"FSC";"CHK";"PIANO DISCARICHE ABRUZZO";"ABRUZZO";9;
"2007PB006MA022";"2007-2013";"FSC";"CHK";"PIANO DISCARICHE PUGLIA";"PUGLIA";9;
"2007PB006MA024";"2007-2013";"FSC";"CHK";"PIANO DISCARICHE SICILIA";"SICILIA";9;
"2007PB006MA023";"2007-2013";"FSC";"NAZ-INF";"PIANO DISCARICHE VENETO";"VENETO";0;
"FSC_1420_CDD_01";"2014-2020";"FSC";"PIANI";"PIANO DISSESSTO IDROGEOLOGICO – ALTRO";"NAZ";4;"Residuo"
"2017POAGRICOFSC";"2014-2020";"FSC";"PIANI";"PIANO FSC AGRICOLTURA";"NAZ";0;
"2017POAMBIENFSC";"2014-2020";"FSC";"PIANI";"PIANO FSC AMBIENTE";"NAZ";0;
"2017POIMPCOMFSC";"2014-2020";"FSC";"PIANI";"PIANO FSC IMPRESE E COMPETITIVITA'";"NAZ";0;
"2017POINFRASFSC";"2014-2020";"FSC";"PIANI";"PIANO FSC INFRASTRUTTURE";"NAZ";0;
"2018POSALUTEFSC";"2014-2020";"FSC";"PIANI";"PIANO FSC SALUTE";"NAZ";0;
"POSPORTFSC";"2014-2020";"FSC";"PIANI";"PIANO FSC SPORT E PERIFERIE";"NAZ";0;
"2015XMINTFSC016";"2007-2013";"FSC";"NAZ-NEW";"PIANO SICUREZZA URBANA ROMA";"NAZ";0;"Monitorato su BDU 2014-2020"
"2014XXSMDFSC004";"2014-2020";"FSC";"ALTRI CIPE";"PIANO STRALCIO CIS TARANTO";"NAZ";3;"Verificare se va accorpato a CIS Taranto"
"2016MBCSGFSC006";"2014-2020";"FSC";"PIANI";"PIANO FSC CULTURA E TURISMO";"NAZ";0;"Era “piano stralcio”"
"2016ABAMPSAP01";"2014-2020";"FSC";"PIANI";"PIANO DISSESTO IDROGEOLOGICO – ABRUZZO";"NAZ";3;"Accorpato"
"2016EMAMPSAP02";"2014-2020";"FSC";"PIANI";"PIANO DISSESTO IDROGEOLOGICO – EMILIA ROMAGNA";"NAZ";3;"Accorpato"
"2016LIAMPSAP03";"2014-2020";"FSC";"PIANI";"PIANO DISSESTO IDROGEOLOGICO – LIGURIA";"NAZ";3;"Accorpato"
"2016LOAMPSAP06";"2014-2020";"FSC";"PIANI";"PIANO DISSESTO IDROGEOLOGICO – LOMBARDIA";"NAZ";3;"Accorpato"
"2016SAAMPSAP04";"2014-2020";"FSC";"PIANI";"PIANO DISSESTO IDROGEOLOGICO – SARDEGNA";"NAZ";3;"Accorpato"
"2016TOAMPSAP05";"2014-2020";"FSC";"PIANI";"PIANO DISSESTO IDROGEOLOGICO – TOSCANA";"NAZ";3;"Accorpato"
"2016VEAMPSAP07";"2014-2020";"FSC";"PIANI";"PIANO DISSESTO IDROGEOLOGICO – VENETO";"NAZ";3;"Accorpato"
"2017FSCRICERCA";"2014-2020";"FSC";"PIANI";"PIANO FSC RICERCA E INNOVAZIONE";"NAZ";0;"Era “piano stralcio”"
"2017PPORTTARFSC";"2014-2020";"FSC";"ALTRI CIPE";"PIASTRA PORTUALE DI TARANTO";"NAZ";3;"Verificare se va accorpato a CIS Taranto"
"2007IT001FA003";"2007-2013";"FSC";"NAZ-NEW";"PNA DA EXPO AI TERRITORI";"NAZ";0;
"2007IT006FISMA";"2007-2013";"FSC";"NAZ-ALT";"PNA NUOVA IMPRENDITORIALITA' AGRICOLA";"NAZ";0;
"2007IT004FAMA1";"2007-2013";"FSC";"NAZ-PCM";"PNA RISANAMENTO AMBIENTALE";"NAZ";0;
"2007CB163PO061";"2007-2013";"CTE";"CTE";"PO CTE FESR EUROPA CENTRALE";"NAZ";0;
"2007CB163PO069";"2007-2013";"CTE";"CTE";"PO CTE FESR EUROPA SUD-ORIENTALE";"NAZ";0;
"2007CB163PO052";"2007-2013";"CTE";"CTE";"PO CTE FESR ITALIA - AUSTRIA";"NAZ";0;
"2007CB163PO034";"2007-2013";"CTE";"CTE";"PO CTE FESR ITALIA - FRANCIA ALCOTRA";"NAZ";0;
"2007CB163PO033";"2007-2013";"CTE";"CTE";"PO CTE FESR ITALIA - FRANCIA MARITTIMO";"NAZ";0;
"2007CB163PO037";"2007-2013";"CTE";"CTE";"PO CTE FESR ITALIA - MALTA";"NAZ";0;
"2007CB163PO036";"2007-2013";"CTE";"CTE";"PO CTE FESR ITALIA - SLOVENIA";"NAZ";0;
"2007CB163PO035";"2007-2013";"CTE";"CTE";"PO CTE FESR ITALIA - SVIZZERA";"NAZ";0;
"2007CB163PO045";"2007-2013";"CTE";"CTE";"PO CTE FESR MEDITERRANEO";"NAZ";0;
"2007CB163PO014";"2007-2013";"CTE";"CTE";"PO CTE FESR SPAZIO ALPINO 2007/2013";"NAZ";0;
"2007AB002OC001";"2000-2006";"EXPOC";"POC REGIONALI";"POC ABRUZZO";"ABRUZZO";9;
"2011PAC001FS01";"2000-2006";"EXPOC";"POC NAZIONALI";"POC AZIONE FERROVIE";"NAZ";9;
"POCBASILICATA";"2014-2020";"POC";"POC REGIONALI";"POC BASILICATA";"BASILICATA";0;
"2007BA001OC012";"2000-2006";"EXPOC";"POC REGIONALI";"POC BASILICATA";"BASILICATA";9;
"2017POCCALABRIA";"2014-2020";"POC";"POC REGIONALI";"POC CALABRIA";"CALABRIA";0;"Contiene completamenti"
"2007CL001OC008";"2000-2006";"EXPOC";"POC REGIONALI";"POC CALABRIA";"CALABRIA";9;
"2016POCCAMPAN01";"2014-2020";"POC";"POC REGIONALI";"POC CAMPANIA";"CAMPANIA";0;
"2007CA001OC009";"2000-2006";"EXPOC";"POC REGIONALI";"POC CAMPANIA";"CAMPANIA";9;
"2016POCCULTURA1";"2014-2020";"POC";"POC NAZIONALI";"POC CULTURA";"NAZ";0;
"2007EM002OC002";"2000-2006";"EXPOC";"POC REGIONALI";"POC EMILIA ROMAGNA";"EMILIA-ROMAGNA";9;
"2017POCENERGIA";"2014-2020";"POC";"POC NAZIONALI";"POC ENERGIA";"NAZ";0;"Contiene completamenti"
"2007FR002OC003";"2000-2006";"EXPOC";"POC REGIONALI";"POC FRIULI VENEZIA GIULIA";"FRIULI-VENEZIA GIULIA";9;
"2017POCGOVERN01";"2014-2020";"POC";"POC NAZIONALI";"POC GOVERNANCE";"NAZ";0;
"2015IGRUEPCI001";"2014-2020";"POC";"POC NAZIONALI";"POC IGRUE";"NAZ";0;
"2016POCIMPRESE1";"2014-2020";"POC";"POC NAZIONALI";"POC IMPRESE";"NAZ";0;
"2017POCINFRASTR";"2014-2020";"POC";"POC NAZIONALI";"POC INFRASTRUTTURE";"NAZ";0;
"2007LA002OC004";"2000-2006";"EXPOC";"POC REGIONALI";"POC LAZIO";"LAZIO";9;
"2017POCLEGAL01";"2014-2020";"POC";"POC NAZIONALI";"POC LEGALITA'";"NAZ";0;
"2007LI002OC005";"2000-2006";"EXPOC";"POC REGIONALI";"POC LIGURIA";"LIGURIA";9;
"2007LO002OC006";"2000-2006";"EXPOC";"POC REGIONALI";"POC LOMBARDIA";"LOMBARDIA";9;
"2007MA002OC007";"2000-2006";"EXPOC";"POC REGIONALI";"POC MARCHE";"MARCHE";9;
"2016POCCITMETRO";"2014-2020";"POC";"POC NAZIONALI";"POC METRO";"NAZ";0;
"POC_CDD_01";"2014-2020";"POC";"POC REGIONALI";"POC MOLISE";"MOLISE";0;
"2007MO002OC008";"2000-2006";"EXPOC";"POC REGIONALI";"POC MOLISE";"MOLISE";9;
"2007BO002OC009";"2000-2006";"EXPOC";"POC REGIONALI";"POC P.A. BOLZANO";"PA BOLZANO";9;
"2007TR002OC010";"2000-2006";"EXPOC";"POC REGIONALI";"POC P.A. TRENTO";"PA TRENTO";9;
"2007PI002OC011";"2000-2006";"EXPOC";"POC REGIONALI";"POC PIEMONTE";"PIEMONTE";9;
"2007PU001OC010";"2000-2006";"EXPOC";"POC REGIONALI";"POC PUGLIA";"PUGLIA";9;
"2017POCRICERCA1";"2014-2020";"POC";"POC NAZIONALI";"POC RICERCA";"NAZ";0;
"2007SA002OC016";"2000-2006";"EXPOC";"POC REGIONALI";"POC SARDEGNA";"SARDEGNA";9;
"2018POCSCUOLA";"2014-2020";"POC";"POC NAZIONALI";"POC SCUOLA";"NAZ";0;
"2017POCSICILIA1";"2014-2020";"POC";"POC REGIONALI";"POC SICILIA";"SICILIA";0;
"2007SI001OC011";"2000-2006";"EXPOC";"POC REGIONALI";"POC SICILIA";"SICILIA";9;
"2012NZ000OC001";"2000-2006";"EXPOC";"POC NAZIONALI";"POC SICUREZZA";"NAZ";9;
"2018POCSPAO";"2014-2020";"POC";"POC NAZIONALI";"POC SPAO";"NAZ";0;"Era “TEMP_SPAO”"
"2007TO002OC012";"2000-2006";"EXPOC";"POC REGIONALI";"POC TOSCANA";"TOSCANA";9;
"2007UM002OC013";"2000-2006";"EXPOC";"POC REGIONALI";"POC UMBRIA";"UMBRIA";9;
"2007VA002OC014";"2000-2006";"EXPOC";"POC REGIONALI";"POC VALLE D'AOSTA";"VALLE D'AOSTA";9;
"2007VE002OC015";"2000-2006";"EXPOC";"POC REGIONALI";"POC VENETO";"VENETO";9;
"2007IT161PO001";"2007-2013";"FESR";"POIN";"POIN ATTRATTORI";"NAZ";0;
"2007IT161PO001:::2012MIBACPAC21";"2007-2013";"FESR";"POIN";"POIN CONV FESR ATTRATTORI CULTURALI, NATURALI E TURISMO:::PROGRAMMA PAC MINISTERO DEI BENI CULTURALI";"NAZ";1;
"2007IT161PO002:::2012MISE1PAC31";"2007-2013";"FESR";"POIN";"POIN CONV FESR ENERGIE RINNOVABILI E RISPARMIO ENERGETICO:::PROGRAMMA PAC MINISTERO DELLO SVILUPPO ECONOMICO - NUOVE AZIONI E MISURE ANTICICLICHE";"NAZ";1;
"2007IT161PO002";"2007-2013";"FESR";"POIN";"POIN ENERGIA";"NAZ";0;
"FSC_1420_CDD_08";"2014-2020";"FSC";"ALTRI CIPE";"POLI TECNOLOGICI CENTRO-NORD";"NAZ";4;
"2007IT161PO003:::2014ACTXXPAC00";"2007-2013";"FESR";"PON";"PON CONV FESR GOVERNANCE E ASSISTENZA TECNICA:::PROGRAMMA PAC COMPLEMENTARE PON GOVERNANCE E ASSISTENZA TECNICA";"NAZ";1;
"2007IT161PO004:::2007IT001FAOS9";"2007-2013";"FESR";"PON";"PON CONV FESR ISTRUZIONE - AMBIENTI PER L'APPRENDIMENTO:::PROGRAMMA OBIETTIVI DI SERVIZIO MIUR";"NAZ";1;
"2007IT161PO006:::2012MISE1PAC22";"2007-2013";"FESR";"PON";"PON CONV FESR RICERCA E COMPETITIVITÀ:::PROGRAMMA PAC MINISTERO DELLO SVILUPPO ECONOMICO - IMPRESE, DOMANDA PUBBLICA E PROMOZIONE";"NAZ";1;
"2007IT161PO007:::2012MINTXPAC22";"2007-2013";"FESR";"PON";"PON CONV FESR SICUREZZA:::PROGRAMMA PAC MINISTERO DELL'INTERNO - SICUREZZA E LEGALITA'";"NAZ";1;
"2007IT051PO007";"2007-2013";"FSE";"PON";"PON CONV FSE COMPETENZE PER LO SVILUPPO";"NAZ";0;
"2007IT051PO007:::2007IT001FAOS9";"2007-2013";"FSE";"PON";"PON CONV FSE COMPETENZE PER LO SVILUPPO:::PROGRAMMA OBIETTIVI DI SERVIZIO MIUR";"NAZ";1;"Errore su ottobre 2018: x_AMBITO era FESR"
"2007IT051PO006";"2007-2013";"FSE";"PON";"PON CONV FSE GOVERNANCE E AZIONI DI SISTEMA";"NAZ";0;
"2007IT052PO017";"2007-2013";"FSE";"PON";"PON CRO FSE AZIONI DI SISTEMA";"NAZ";0;
"2014IT16RFOP001";"2014-2020";"FESR";"PON";"PON CULTURA";"NAZ";0;
"2014IT65AMNP001";"2014-2020";"FAMI";"FAMI";"PON FAMI";"NAZ";0;
"2014IT05FMOP001";"2014-2020";"FEAD";"FEAD";"PON FEAD";"NAZ";0;
"2014IT14MFOP001";"2014-2020";"FEAMP";"FEAMP";"PON FEAMP";"NAZ";0;
"2014IT16M2OP005:::2017FSCRICERCA";"2014-2020";"FESR";"PON";"PON FESR FSE RICERCA E INNOVAZIONE:::PIANO STRALCIO RICERCA E INNOVAZIONE";"NAZ";1;
"2014IT16M2OP005:::2017POCRICERCA1";"2014-2020";"FESR";"PON";"PON FESR FSE RICERCA E INNOVAZIONE:::POC RICERCA";"NAZ";1;
"2014IT16RFOP003:::2016POCIMPRESE1";"2014-2020";"FESR";"PON";"PON FESR IMPRESE E COMPETITIVITA':::POC IMPRESE E COMPETITIVITA'";"NAZ";1;
"2015IT16RFSM001:::2017POIMPCOMFSC";"2014-2020";"FESR";"PON";"PON FESR INIZIATIVA PMI:::PIANO OPERATIVO FSC IMPRESE E COMPETITIVITA'";"NAZ";1;
"2007IT161PO003";"2007-2013";"FESR";"PON";"PON GAT";"NAZ";0;
"2014IT05M2OP002";"2014-2020";"FESR-FSE";"PON";"PON GOVERNANCE";"NAZ";0;
"2014IT16RFOP003";"2014-2020";"FESR";"PON";"PON IMPRESE";"NAZ";0;
"2014IT05SFOP001";"2014-2020";"FSE";"PON";"PON INCLUSIONE";"NAZ";0;
"2014IT16RFOP002";"2014-2020";"FESR";"PON";"PON INFRASTRUTTURE";"NAZ";0;
"2014IT05M9OP001";"2014-2020";"YEI-FSE";"PON";"PON INIZIATIVA OCCUPAZIONE GIOVANI";"NAZ";0;"era solo YEI prima di 0.2.0"
"2015IT16RFSM001";"2014-2020";"FESR";"PON";"PON INIZIATIVA PMI";"NAZ";0;
"2014IT16M2OP003";"2014-2020";"FESR-FSE";"PON";"PON LEGALITA'";"NAZ";0;
"2014IT16M2OP004";"2014-2020";"FESR-FSE";"PON";"PON METRO";"NAZ";0;
"2014IT05SFOP002";"2014-2020";"FSE";"PON";"PON POLITICHE ATTIVE";"NAZ";0;
"2007IT161PO005";"2007-2013";"FESR";"PON";"PON RETI";"NAZ";0;
"2007IT161PO006";"2007-2013";"FESR";"PON";"PON RICERCA";"NAZ";0;
"2014IT16M2OP005";"2014-2020";"FESR-FSE";"PON";"PON RICERCA";"NAZ";0;
"2007IT161PO004";"2007-2013";"FESR";"PON";"PON SCUOLA";"NAZ";0;
"2014IT05M2OP001";"2014-2020";"FESR-FSE";"PON";"PON SCUOLA";"NAZ";0;
"2007IT161PO007";"2007-2013";"FESR";"PON";"PON SICUREZZA";"NAZ";0;
"2014IT16RFOP004";"2014-2020";"FESR";"POR";"POR ABRUZZO FESR";"ABRUZZO";0;
"2014IT05SFOP009";"2014-2020";"FSE";"POR";"POR ABRUZZO FSE";"ABRUZZO";0;
"2014IT16RFOP022";"2014-2020";"FESR";"POR";"POR BASILICATA FESR";"BASILICATA";0;
"2014IT05SFOP016";"2014-2020";"FSE";"POR";"POR BASILICATA FSE";"BASILICATA";0;
"2014IT16M2OP006";"2014-2020";"FESR-FSE";"POR";"POR CALABRIA FESR-FSE";"CALABRIA";0;
"2014IT16RFOP007";"2014-2020";"FESR";"POR";"POR CAMPANIA FESR";"CAMPANIA";0;
"2014IT05SFOP020";"2014-2020";"FSE";"POR";"POR CAMPANIA FSE";"CAMPANIA";0;
"2007IT161PO012";"2007-2013";"FESR";"POR";"POR CONV FESR BASILICATA";"BASILICATA";0;
"2007IT161PO012:::2017BAXXXPAC00";"2007-2013";"FESR";"POR";"POR CONV FESR BASILICATA:::PROGRAMMA PAC BASILICATA";"BASILICATA";1;
"2007IT161PO008";"2007-2013";"FESR";"POR";"POR CONV FESR CALABRIA";"CALABRIA";0;
"2007IT161PO009";"2007-2013";"FESR";"POR";"POR CONV FESR CAMPANIA";"CAMPANIA";0;
"2007IT161PO009:::2012CAXXXPAC00";"2007-2013";"FESR";"POR";"POR CONV FESR CAMPANIA:::PROGRAMMA PAC CAMPANIA";"CAMPANIA";1;
"2007IT161PO010";"2007-2013";"FESR";"POR";"POR CONV FESR PUGLIA";"PUGLIA";0;
"2007IT161PO011";"2007-2013";"FESR";"POR";"POR CONV FESR SICILIA";"SICILIA";0;
"2007IT161PO011:::2012SIXXXPAC00";"2007-2013";"FESR";"POR";"POR CONV FESR SICILIA:::PROGRAMMA PAC SICILIA";"SICILIA";1;
"2007IT161PO011:::2007SI001FA011";"2007-2013";"FESR";"POR";"POR CONV FESR SICILIA:::PROGRAMMA REGIONALE DI ATTUAZIONE (PRA) FSC SICILIA";"SICILIA";1;
"2007IT051PO004";"2007-2013";"FSE";"POR";"POR CONV FSE BASILICATA";"BASILICATA";0;
"2007IT051PO002";"2007-2013";"FSE";"POR";"POR CONV FSE CALABRIA";"CALABRIA";0;
"2007IT051PO001";"2007-2013";"FSE";"POR";"POR CONV FSE CAMPANIA";"CAMPANIA";0;
"2007IT051PO001:::2012CAXXXPAC00";"2007-2013";"FSE";"POR";"POR CONV FSE CAMPANIA:::PROGRAMMA PAC CAMPANIA";"CAMPANIA";1;"Errore su ottobre 2018: x_AMBITO era FESR"
"2007IT051PO005";"2007-2013";"FSE";"POR";"POR CONV FSE PUGLIA";"PUGLIA";0;
"2007IT051PO003";"2007-2013";"FSE";"POR";"POR CONV FSE SICILIA";"SICILIA";0;
"2007IT162PO001";"2007-2013";"FESR";"POR";"POR CRO FESR ABRUZZO";"ABRUZZO";0;
"2007IT162PO002";"2007-2013";"FESR";"POR";"POR CRO FESR EMILIA ROMAGNA";"EMILIA-ROMAGNA";0;
"2007IT162PO003";"2007-2013";"FESR";"POR";"POR CRO FESR FRIULI VENEZIA GIULIA";"FRIULI-VENEZIA GIULIA";0;
"2007IT162PO004";"2007-2013";"FESR";"POR";"POR CRO FESR LAZIO";"LAZIO";0;
"2007IT162PO005";"2007-2013";"FESR";"POR";"POR CRO FESR LIGURIA";"LIGURIA";0;
"2007IT162PO006";"2007-2013";"FESR";"POR";"POR CRO FESR LOMBARDIA";"LOMBARDIA";0;
"2007IT162PO007";"2007-2013";"FESR";"POR";"POR CRO FESR MARCHE";"MARCHE";0;
"2007IT162PO008";"2007-2013";"FESR";"POR";"POR CRO FESR MOLISE";"MOLISE";0;
"2007IT162PO009";"2007-2013";"FESR";"POR";"POR CRO FESR PA BOLZANO";"PA BOLZANO";0;
"2007IT162PO010";"2007-2013";"FESR";"POR";"POR CRO FESR PA TRENTO";"PA TRENTO";0;
"2007IT162PO011";"2007-2013";"FESR";"POR";"POR CRO FESR PIEMONTE";"PIEMONTE";0;
"2007IT162PO016";"2007-2013";"FESR";"POR";"POR CRO FESR SARDEGNA";"SARDEGNA";0;
"2007IT162PO016:::2012SAXXXPAC00";"2007-2013";"FESR";"POR";"POR CRO FESR SARDEGNA:::PROGRAMMA PAC SARDEGNA";"SARDEGNA";1;
"2007IT162PO012";"2007-2013";"FESR";"POR";"POR CRO FESR TOSCANA";"TOSCANA";0;
"2007IT162PO013";"2007-2013";"FESR";"POR";"POR CRO FESR UMBRIA";"UMBRIA";0;
"2007IT162PO014";"2007-2013";"FESR";"POR";"POR CRO FESR VALLE D'AOSTA";"VALLE D'AOSTA";0;
"2007IT162PO015";"2007-2013";"FESR";"POR";"POR CRO FESR VENETO";"VENETO";0;
"2007IT052PO001";"2007-2013";"FSE";"POR";"POR CRO FSE ABRUZZO";"ABRUZZO";0;
"2007IT052PO002";"2007-2013";"FSE";"POR";"POR CRO FSE EMILIA ROMAGNA";"EMILIA-ROMAGNA";0;
"2007IT052PO003";"2007-2013";"FSE";"POR";"POR CRO FSE FRIULI VENEZIA GIULIA";"FRIULI-VENEZIA GIULIA";0;
"2007IT052PO004";"2007-2013";"FSE";"POR";"POR CRO FSE LAZIO";"LAZIO";0;
"2007IT052PO005";"2007-2013";"FSE";"POR";"POR CRO FSE LIGURIA";"LIGURIA";0;
"2007IT052PO006";"2007-2013";"FSE";"POR";"POR CRO FSE LOMBARDIA";"LOMBARDIA";0;
"2007IT052PO007";"2007-2013";"FSE";"POR";"POR CRO FSE MARCHE";"MARCHE";0;
"2007IT052PO008";"2007-2013";"FSE";"POR";"POR CRO FSE MOLISE";"MOLISE";0;
"2007IT052PO009";"2007-2013";"FSE";"POR";"POR CRO FSE PA BOLZANO";"PA BOLZANO";0;
"2007IT052PO009:::2016BOXXXPAC00";"2007-2013";"FSE";"POR";"POR CRO FSE PA BOLZANO:::PROGRAMMA PAC P.A. BOLZANO";"PA BOLZANO";1;"Errore su ottobre 2018: x_AMBITO era FESR"
"2007IT052PO010";"2007-2013";"FSE";"POR";"POR CRO FSE PA TRENTO";"PA TRENTO";0;
"2007IT052PO011";"2007-2013";"FSE";"POR";"POR CRO FSE PIEMONTE";"PIEMONTE";0;
"2007IT052PO016";"2007-2013";"FSE";"POR";"POR CRO FSE SARDEGNA";"SARDEGNA";0;
"2007IT052PO012";"2007-2013";"FSE";"POR";"POR CRO FSE TOSCANA";"TOSCANA";0;
"2007IT052PO013";"2007-2013";"FSE";"POR";"POR CRO FSE UMBRIA";"UMBRIA";0;
"2007IT052PO014";"2007-2013";"FSE";"POR";"POR CRO FSE VALLE D'AOSTA";"VALLE D'AOSTA";0;
"2007IT052PO015";"2007-2013";"FSE";"POR";"POR CRO FSE VENETO";"VENETO";0;
"2014IT16RFOP008";"2014-2020";"FESR";"POR";"POR EMILIA-ROMAGNA FESR";"EMILIA-ROMAGNA";0;
"2014IT05SFOP003";"2014-2020";"FSE";"POR";"POR EMILIA-ROMAGNA FSE";"EMILIA-ROMAGNA";0;
"2014IT16RFOP016:::2016PATTISICI";"2014-2020";"FESR";"POR";"POR FESR SICILIA:::PATTO PER LO SVILUPPO REGIONE SICILIA";"SICILIA";1;
"2014IT16RFOP009";"2014-2020";"FESR";"POR";"POR FRIULI-VENEZIA GIULIA FESR";"FRIULI-VENEZIA GIULIA";0;
"2014IT05SFOP004";"2014-2020";"FSE";"POR";"POR FRIULI-VENEZIA GIULIA FSE";"FRIULI-VENEZIA GIULIA";0;
"2014IT16RFOP010";"2014-2020";"FESR";"POR";"POR LAZIO FESR";"LAZIO";0;
"2014IT05SFOP005";"2014-2020";"FSE";"POR";"POR LAZIO FSE";"LAZIO";0;
"2014IT16RFOP011";"2014-2020";"FESR";"POR";"POR LIGURIA FESR";"LIGURIA";0;
"2014IT05SFOP006";"2014-2020";"FSE";"POR";"POR LIGURIA FSE";"LIGURIA";0;
"2014IT16RFOP012";"2014-2020";"FESR";"POR";"POR LOMBARDIA FESR";"LOMBARDIA";0;
"2014IT05SFOP007";"2014-2020";"FSE";"POR";"POR LOMBARDIA FSE";"LOMBARDIA";0;
"2014IT16RFOP013";"2014-2020";"FESR";"POR";"POR MARCHE FESR";"MARCHE";0;
"2014IT05SFOP008";"2014-2020";"FSE";"POR";"POR MARCHE FSE";"MARCHE";0;
"2014IT16M2OP001";"2014-2020";"FESR-FSE";"POR";"POR MOLISE FESR-FSE";"MOLISE";0;
"2014IT16RFOP005";"2014-2020";"FESR";"POR";"POR PA BOLZANO FESR";"PA BOLZANO";0;
"2014IT05SFOP017";"2014-2020";"FSE";"POR";"POR PA BOLZANO FSE";"PA BOLZANO";0;
"2014IT16RFOP018";"2014-2020";"FESR";"POR";"POR PA TRENTO FESR";"PA TRENTO";0;
"2014IT05SFOP018";"2014-2020";"FSE";"POR";"POR PA TRENTO FSE";"PA TRENTO";0;
"2014IT16RFOP014";"2014-2020";"FESR";"POR";"POR PIEMONTE FESR";"PIEMONTE";0;
"2014IT05SFOP013";"2014-2020";"FSE";"POR";"POR PIEMONTE FSE";"PIEMONTE";0;
"2014IT16M2OP002";"2014-2020";"FESR-FSE";"POR";"POR PUGLIA FESR-FSE";"PUGLIA";0;
"2014IT16RFOP015";"2014-2020";"FESR";"POR";"POR SARDEGNA FESR";"SARDEGNA";0;
"2014IT05SFOP021";"2014-2020";"FSE";"POR";"POR SARDEGNA FSE";"SARDEGNA";0;
"2014IT16RFOP016";"2014-2020";"FESR";"POR";"POR SICILIA FESR";"SICILIA";0;
"2014IT05SFOP014";"2014-2020";"FSE";"POR";"POR SICILIA FSE";"SICILIA";0;
"2014IT16RFOP017";"2014-2020";"FESR";"POR";"POR TOSCANA FESR";"TOSCANA";0;
"2014IT05SFOP015";"2014-2020";"FSE";"POR";"POR TOSCANA FSE";"TOSCANA";0;
"2014IT16RFOP019";"2014-2020";"FESR";"POR";"POR UMBRIA FESR";"UMBRIA";0;
"2014IT05SFOP010";"2014-2020";"FSE";"POR";"POR UMBRIA FSE";"UMBRIA";0;
"2014IT16RFOP020";"2014-2020";"FESR";"POR";"POR VALLE D'AOSTA FESR";"VALLE D'AOSTA";0;
"2014IT05SFOP011";"2014-2020";"FSE";"POR";"POR VALLE D'AOSTA FSE";"VALLE D'AOSTA";0;
"2014IT16RFOP021";"2014-2020";"FESR";"POR";"POR VENETO FESR";"VENETO";0;
"2014IT05SFOP012";"2014-2020";"FSE";"POR";"POR VENETO FSE";"VENETO";0;
"FSC_1420_CDD_11";"2014-2020";"FSC";"ALTRI CIPE";"PORTO DI LIVORNO";"NAZ";4;
"2007AB003FA001";"2007-2013";"FSC";"REG";"PRA ABRUZZO";"ABRUZZO";0;
"2007BA001FA012";"2007-2013";"FSC";"REG";"PRA BASILICATA";"BASILICATA";0;
"2007CL001FA008";"2007-2013";"FSC";"REG";"PRA CALABRIA";"CALABRIA";0;
"2007CA001FA009";"2007-2013";"FSC";"REG";"PRA CAMPANIA";"CAMPANIA";0;
"2007SI001FA011";"2007-2013";"FSC";"REG";"PRA FSC SICILIA";"SICILIA";0;
"2007MO002FA008";"2007-2013";"FSC";"REG";"PRA MOLISE";"MOLISE";0;
"2007PU001FA010";"2007-2013";"FSC";"REG";"PRA PUGLIA";"PUGLIA";0;
"2007SA002FA016";"2007-2013";"FSC";"REG";"PRA SARDEGNA";"SARDEGNA";0;
"2015MBACTFSC017";"2014-2020";"FSC";"ALTRI CIPE";"PROGRAMMA SENSI CONTEMPORANEI";"NAZ";0;
"2015XXXABPSO002";"2014-2020";"FSC";"PIANI";"PIANO DISSESTO IDROGEOLOGICO – FONDO PROGETTAZIONE – ABRUZZO";"NAZ";3;"Accorpati in 2015XXXXXPSO000"
"2015XXXBAPSO003";"2014-2020";"FSC";"PIANI";"PIANO DISSESTO IDROGEOLOGICO – FONDO PROGETTAZIONE – BASILICATA";"NAZ";3;"Accorpati in 2015XXXXXPSO000"
"2015XXXCLPSO004";"2014-2020";"FSC";"PIANI";"PIANO DISSESTO IDROGEOLOGICO – FONDO PROGETTAZIONE – CALABRIA";"NAZ";3;"Accorpati in 2015XXXXXPSO000"
"2015XXXCAPSO005";"2014-2020";"FSC";"PIANI";"PIANO DISSESTO IDROGEOLOGICO – FONDO PROGETTAZIONE – CAMPANIA";"NAZ";3;"Accorpati in 2015XXXXXPSO000"
"2015XXXEMPSO006";"2014-2020";"FSC";"PIANI";"PIANO DISSESTO IDROGEOLOGICO – FONDO PROGETTAZIONE – EMILIA ROMAGNA";"NAZ";3;"Accorpati in 2015XXXXXPSO000"
"2015XXXFRPSO007";"2014-2020";"FSC";"PIANI";"PIANO DISSESTO IDROGEOLOGICO – FONDO PROGETTAZIONE – FRIULI VENEZIA GIULIA";"NAZ";3;"Accorpati in 2015XXXXXPSO000"
"2015XXXLAPSO008";"2014-2020";"FSC";"PIANI";"PIANO DISSESTO IDROGEOLOGICO – FONDO PROGETTAZIONE – LAZIO";"NAZ";3;"Accorpati in 2015XXXXXPSO000"
"2015XXXLIPSO009";"2014-2020";"FSC";"PIANI";"PIANO DISSESTO IDROGEOLOGICO – FONDO PROGETTAZIONE – LIGURIA";"NAZ";3;"Accorpati in 2015XXXXXPSO000"
"2015XXXLOPSO010";"2014-2020";"FSC";"PIANI";"PIANO DISSESTO IDROGEOLOGICO – FONDO PROGETTAZIONE – LOMBARDIA";"NAZ";3;"Accorpati in 2015XXXXXPSO000"
"2015XXXMAPSO011";"2014-2020";"FSC";"PIANI";"PIANO DISSESTO IDROGEOLOGICO – FONDO PROGETTAZIONE – MARCHE";"NAZ";3;"Accorpati in 2015XXXXXPSO000"
"2015XXXMOPSO012";"2014-2020";"FSC";"PIANI";"PIANO DISSESTO IDROGEOLOGICO – FONDO PROGETTAZIONE – MOLISE";"NAZ";3;"Accorpati in 2015XXXXXPSO000"
"2015XXXBOPSO013";"2014-2020";"FSC";"PIANI";"PIANO DISSESTO IDROGEOLOGICO – FONDO PROGETTAZIONE – P.A. BOLZANO";"NAZ";3;"Accorpati in 2015XXXXXPSO000"
"2015XXXTRPSO014";"2014-2020";"FSC";"PIANI";"PIANO DISSESTO IDROGEOLOGICO – FONDO PROGETTAZIONE – P.A. TRENTO";"NAZ";3;"Accorpati in 2015XXXXXPSO000"
"2015XXXPIPSO015";"2014-2020";"FSC";"PIANI";"PIANO DISSESTO IDROGEOLOGICO – FONDO PROGETTAZIONE – PIEMONTE";"NAZ";3;"Accorpati in 2015XXXXXPSO000"
"2015XXXPUPSO016";"2014-2020";"FSC";"PIANI";"PIANO DISSESTO IDROGEOLOGICO – FONDO PROGETTAZIONE – PUGLIA";"NAZ";3;"Accorpati in 2015XXXXXPSO000"
"2015XXXSAPSO017";"2014-2020";"FSC";"PIANI";"PIANO DISSESTO IDROGEOLOGICO – FONDO PROGETTAZIONE – SARDEGNA";"NAZ";3;"Accorpati in 2015XXXXXPSO000"
"2015XXXSIPSO001";"2014-2020";"FSC";"PIANI";"PIANO DISSESTO IDROGEOLOGICO – FONDO PROGETTAZIONE – SICILIA";"NAZ";3;"Accorpati in 2015XXXXXPSO000"
"2015XXXTOPSO018";"2014-2020";"FSC";"PIANI";"PIANO DISSESTO IDROGEOLOGICO – FONDO PROGETTAZIONE – TOSCANA";"NAZ";3;"Accorpati in 2015XXXXXPSO000"
"2015XXXUMPSO019";"2014-2020";"FSC";"PIANI";"PIANO DISSESTO IDROGEOLOGICO – FONDO PROGETTAZIONE – UMBRIA";"NAZ";3;"Accorpati in 2015XXXXXPSO000"
"2015XXXVAPSO020";"2014-2020";"FSC";"PIANI";"PIANO DISSESTO IDROGEOLOGICO – FONDO PROGETTAZIONE - VALLE D'AOSTA";"NAZ";3;"Accorpati in 2015XXXXXPSO000"
"2015XXXVEPSO021";"2014-2020";"FSC";"PIANI";"PIANO DISSESTO IDROGEOLOGICO – FONDO PROGETTAZIONE - VENETO";"NAZ";3;"Accorpati in 2015XXXXXPSO000"
"2007PI004MA002";"2007-2013";"FSC";"CHK";"PS RISORSA IDRICA ABRUZZO";"NAZ";0;"Sarebbe 2000-2006"
"2007PI004MA013";"2007-2013";"FSC";"CHK";"PS RISORSA IDRICA EMILIA ROMAGNA";"NAZ";0;"Sarebbe 2000-2006"
"2007PI004MA011";"2007-2013";"FSC";"CHK";"PS RISORSA IDRICA FRIULI VENEZIA GIULIA";"NAZ";0;"Sarebbe 2000-2006"
"2007PI004MA004";"2007-2013";"FSC";"CHK";"PS RISORSA IDRICA LAZIO";"NAZ";0;"Sarebbe 2000-2006"
"2007PI004MA008";"2007-2013";"FSC";"CHK";"PS RISORSA IDRICA LIGURIA";"NAZ";0;"Sarebbe 2000-2006"
"2007PI004MA003";"2007-2013";"FSC";"CHK";"PS RISORSA IDRICA LOMBARDIA";"NAZ";0;"Sarebbe 2000-2006"
"2007PI004MA007";"2007-2013";"FSC";"CHK";"PS RISORSA IDRICA MARCHE";"NAZ";0;"Sarebbe 2000-2006"
"2007PI004MA005";"2007-2013";"FSC";"CHK";"PS RISORSA IDRICA MOLISE";"NAZ";0;"Sarebbe 2000-2006"
"2007PI004MA014";"2007-2013";"FSC";"CHK";"PS RISORSA IDRICA PA TRENTO";"NAZ";0;"Sarebbe 2000-2006"
"2007PI004MA012";"2007-2013";"FSC";"CHK";"PS RISORSA IDRICA PA UMBRIA";"NAZ";0;"Sarebbe 2000-2006"
"2007PI004MA001";"2007-2013";"FSC";"CHK";"PS RISORSA IDRICA PIEMONTE";"NAZ";0;"Sarebbe 2000-2006"
"2007PI004MA010";"2007-2013";"FSC";"CHK";"PS RISORSA IDRICA TOSCANA";"NAZ";0;"Sarebbe 2000-2006"
"2007PI004MA006";"2007-2013";"FSC";"CHK";"PS RISORSA IDRICA VALLE D'AOSTA";"NAZ";0;"Sarebbe 2000-2006"
"2007PI004MA009";"2007-2013";"FSC";"CHK";"PS RISORSA IDRICA VENETO";"NAZ";0;"Sarebbe 2000-2006"
"2014IT06RDRP001";"2014-2020";"FEASR";"POR";"PSR ABRUZZO";"ABRUZZO";0;
"2014IT06RDRP017";"2014-2020";"FEASR";"POR";"PSR BASILICATA";"BASILICATA";0;
"2014IT06RDRP002";"2014-2020";"FEASR";"POR";"PSR BOLZANO";"PA BOLZANO";0;
"2014IT06RDRP018";"2014-2020";"FEASR";"POR";"PSR CALABRIA";"CALABRIA";0;
"2014IT06RDRP019";"2014-2020";"FEASR";"POR";"PSR CAMPANIA";"CAMPANIA";0;
"2014IT06RDRP003";"2014-2020";"FEASR";"POR";"PSR EMILIA-ROMAGNA";"EMILIA-ROMAGNA";0;
"2014IT06RDRP004";"2014-2020";"FEASR";"POR";"PSR FRIULI-VENEZIA GIULIA";"FRIULI-VENEZIA GIULIA";0;
"2014IT06RDRP005";"2014-2020";"FEASR";"POR";"PSR LAZIO";"LAZIO";0;
"2014IT06RDRP006";"2014-2020";"FEASR";"POR";"PSR LIGURIA";"LIGURIA";0;
"2014IT06RDRP007";"2014-2020";"FEASR";"POR";"PSR LOMBARDIA";"LOMBARDIA";0;
"2014IT06RDRP008";"2014-2020";"FEASR";"POR";"PSR MARCHE";"MARCHE";0;
"2014IT06RDRP015";"2014-2020";"FEASR";"POR";"PSR MOLISE";"MOLISE";0;
"2014IT06RDNP001";"2014-2020";"FEASR";"PON";"PSR NAZIONALE";"NAZ";0;
"2014IT06RDRP009";"2014-2020";"FEASR";"POR";"PSR PIEMONTE";"PIEMONTE";0;
"2014IT06RDRP020";"2014-2020";"FEASR";"POR";"PSR PUGLIA";"PUGLIA";0;
"2014IT06RDRP016";"2014-2020";"FEASR";"POR";"PSR SARDEGNA";"SARDEGNA";0;
"2014IT06RDRP021";"2014-2020";"FEASR";"POR";"PSR SICILIA";"SICILIA";0;
"2014IT06RDRP010";"2014-2020";"FEASR";"POR";"PSR TOSCANA";"TOSCANA";0;
"2014IT06RDRP011";"2014-2020";"FEASR";"POR";"PSR TRENTO";"PA TRENTO";0;
"2014IT06RDRP012";"2014-2020";"FEASR";"POR";"PSR UMBRIA";"UMBRIA";0;
"2014IT06RDRP013";"2014-2020";"FEASR";"POR";"PSR VALLE D'AOSTA";"VALLE D'AOSTA";0;
"2014IT06RDRP014";"2014-2020";"FEASR";"POR";"PSR VENETO";"VENETO";0;
"FSC_1420_CDD_18";"2014-2020";"FSC";"ALTRO";"RADIOMONITORING";"NAZ";4;
"FSC_1420_CDD_19";"2014-2020";"FSC";"ALTRO";"RESIDUO";"NAZ";4;
"2014IT06RDRN001";"2014-2020";"FEASR";"PON";"RETE RURALE NAZIONALE";"NAZ";0;
"FSC_1420_CDD_12";"2014-2020";"FSC";"RIASSEGNAZIONI";"RIASSEGNAZIONI EX DEL. CIPE 21/2014";"NAZ";4;
"FSCCOMUNI";"2007-2013";"FSC";"NAZ-NEW";"RISORSE FSC ASSEGNATE AI COMUNI";"NAZ";3;"Monitorato su BDU 2014-2020. Unione post accorpamento"
"ABBATEGGIOFSC";"2007-2013";"FSC";"NAZ-NEW";"RISORSE FSC ASSEGNATE AI COMUNI";"NAZ";3;"Monitorato su BDU 2014-2020. Accorpato in FSCCOMUNI"
"AGLIANAFSC";"2007-2013";"FSC";"NAZ-NEW";"RISORSE FSC ASSEGNATE AI COMUNI";"NAZ";3;"Monitorato su BDU 2014-2020. Accorpato in FSCCOMUNI"
"AIELLOSABFSC";"2007-2013";"FSC";"NAZ-NEW";"RISORSE FSC ASSEGNATE AI COMUNI";"NAZ";3;"Monitorato su BDU 2014-2020. Accorpato in FSCCOMUNI"
"ALCARALIFUFSC";"2007-2013";"FSC";"NAZ-NEW";"RISORSE FSC ASSEGNATE AI COMUNI";"NAZ";3;"Monitorato su BDU 2014-2020. Accorpato in FSCCOMUNI"
"ALTOPASCIOFSC";"2007-2013";"FSC";"NAZ-NEW";"RISORSE FSC ASSEGNATE AI COMUNI";"NAZ";3;"Monitorato su BDU 2014-2020. Accorpato in FSCCOMUNI"
"AQUILAFSC";"2007-2013";"FSC";"NAZ-NEW";"RISORSE FSC ASSEGNATE AI COMUNI";"NAZ";3;"Monitorato su BDU 2014-2020. Accorpato in FSCCOMUNI"
"ARIELLIFSC";"2007-2013";"FSC";"NAZ-NEW";"RISORSE FSC ASSEGNATE AI COMUNI";"NAZ";3;"Monitorato su BDU 2014-2020. Accorpato in FSCCOMUNI"
"BAGNONEFSC";"2007-2013";"FSC";"NAZ-NEW";"RISORSE FSC ASSEGNATE AI COMUNI";"NAZ";3;"Monitorato su BDU 2014-2020. Accorpato in FSCCOMUNI"
"BAIANOFSC";"2007-2013";"FSC";"NAZ-NEW";"RISORSE FSC ASSEGNATE AI COMUNI";"NAZ";3;"Monitorato su BDU 2014-2020. Accorpato in FSCCOMUNI"
"BARIFSC";"2007-2013";"FSC";"NAZ-NEW";"RISORSE FSC ASSEGNATE AI COMUNI";"NAZ";3;"Monitorato su BDU 2014-2020. Accorpato in FSCCOMUNI"
"BAUCINAFSC";"2007-2013";"FSC";"NAZ-NEW";"RISORSE FSC ASSEGNATE AI COMUNI";"NAZ";3;"Monitorato su BDU 2014-2020. Accorpato in FSCCOMUNI"
"BELVEDMARFSC";"2007-2013";"FSC";"NAZ-NEW";"RISORSE FSC ASSEGNATE AI COMUNI";"NAZ";3;"Monitorato su BDU 2014-2020. Accorpato in FSCCOMUNI"
"BONITOFSC";"2007-2013";"FSC";"NAZ-NEW";"RISORSE FSC ASSEGNATE AI COMUNI";"NAZ";3;"Monitorato su BDU 2014-2020. Accorpato in FSCCOMUNI"
"BORGOVELFSC";"2007-2013";"FSC";"NAZ-NEW";"RISORSE FSC ASSEGNATE AI COMUNI";"NAZ";3;"Monitorato su BDU 2014-2020. Accorpato in FSCCOMUNI"
"BUGGIANOFSC";"2007-2013";"FSC";"NAZ-NEW";"RISORSE FSC ASSEGNATE AI COMUNI";"NAZ";3;"Monitorato su BDU 2014-2020. Accorpato in FSCCOMUNI"
"BUSCEMIFSC";"2007-2013";"FSC";"NAZ-NEW";"RISORSE FSC ASSEGNATE AI COMUNI";"NAZ";3;"Monitorato su BDU 2014-2020. Accorpato in FSCCOMUNI"
"CALASCIBFSC";"2007-2013";"FSC";"NAZ-NEW";"RISORSE FSC ASSEGNATE AI COMUNI";"NAZ";3;"Monitorato su BDU 2014-2020. Accorpato in FSCCOMUNI"
"CALITRIFSC";"2007-2013";"FSC";"NAZ-NEW";"RISORSE FSC ASSEGNATE AI COMUNI";"NAZ";3;"Monitorato su BDU 2014-2020. Accorpato in FSCCOMUNI"
"CAMAIOREFSC";"2007-2013";"FSC";"NAZ-NEW";"RISORSE FSC ASSEGNATE AI COMUNI";"NAZ";3;"Monitorato su BDU 2014-2020. Accorpato in FSCCOMUNI"
"CAMERANOFSC";"2007-2013";"FSC";"NAZ-NEW";"RISORSE FSC ASSEGNATE AI COMUNI";"NAZ";3;"Monitorato su BDU 2014-2020. Accorpato in FSCCOMUNI"
"CAMMARATAFSC";"2007-2013";"FSC";"NAZ-NEW";"RISORSE FSC ASSEGNATE AI COMUNI";"NAZ";3;"Monitorato su BDU 2014-2020. Accorpato in FSCCOMUNI"
"CANICATBAGNFSC";"2007-2013";"FSC";"NAZ-NEW";"RISORSE FSC ASSEGNATE AI COMUNI";"NAZ";3;"Monitorato su BDU 2014-2020. Accorpato in FSCCOMUNI"
"CAPANNORIFSC";"2007-2013";"FSC";"NAZ-NEW";"RISORSE FSC ASSEGNATE AI COMUNI";"NAZ";3;"Monitorato su BDU 2014-2020. Accorpato in FSCCOMUNI"
"CASTELBARFSC";"2007-2013";"FSC";"NAZ-NEW";"RISORSE FSC ASSEGNATE AI COMUNI";"NAZ";3;"Monitorato su BDU 2014-2020. Accorpato in FSCCOMUNI"
"CASTELPIANFSC";"2007-2013";"FSC";"NAZ-NEW";"RISORSE FSC ASSEGNATE AI COMUNI";"NAZ";3;"Monitorato su BDU 2014-2020. Accorpato in FSCCOMUNI"
"CASTROFILIPFSC";"2007-2013";"FSC";"NAZ-NEW";"RISORSE FSC ASSEGNATE AI COMUNI";"NAZ";3;"Monitorato su BDU 2014-2020. Accorpato in FSCCOMUNI"
"CASTRTERMEFSC";"2007-2013";"FSC";"NAZ-NEW";"RISORSE FSC ASSEGNATE AI COMUNI";"NAZ";3;"Monitorato su BDU 2014-2020. Accorpato in FSCCOMUNI"
"CATENANUOVFSC";"2007-2013";"FSC";"NAZ-NEW";"RISORSE FSC ASSEGNATE AI COMUNI";"NAZ";3;"Monitorato su BDU 2014-2020. Accorpato in FSCCOMUNI"
"CAVRIGLIAFSC";"2007-2013";"FSC";"NAZ-NEW";"RISORSE FSC ASSEGNATE AI COMUNI";"NAZ";3;"Monitorato su BDU 2014-2020. Accorpato in FSCCOMUNI"
"CELLELIGURFSC";"2007-2013";"FSC";"NAZ-NEW";"RISORSE FSC ASSEGNATE AI COMUNI";"NAZ";3;"Monitorato su BDU 2014-2020. Accorpato in FSCCOMUNI"
"CERCHIOFSC";"2007-2013";"FSC";"NAZ-NEW";"RISORSE FSC ASSEGNATE AI COMUNI";"NAZ";3;"Monitorato su BDU 2014-2020. Accorpato in FSCCOMUNI"
"CERTALDOFSC";"2007-2013";"FSC";"NAZ-NEW";"RISORSE FSC ASSEGNATE AI COMUNI";"NAZ";3;"Monitorato su BDU 2014-2020. Accorpato in FSCCOMUNI"
"CETRAROFSC";"2007-2013";"FSC";"NAZ-NEW";"RISORSE FSC ASSEGNATE AI COMUNI";"NAZ";3;"Monitorato su BDU 2014-2020. Accorpato in FSCCOMUNI"
"CHIESUZZANFSC";"2007-2013";"FSC";"NAZ-NEW";"RISORSE FSC ASSEGNATE AI COMUNI";"NAZ";3;"Monitorato su BDU 2014-2020. Accorpato in FSCCOMUNI"
"CHIUSIFSC";"2007-2013";"FSC";"NAZ-NEW";"RISORSE FSC ASSEGNATE AI COMUNI";"NAZ";3;"Monitorato su BDU 2014-2020. Accorpato in FSCCOMUNI"
"CIVITELLAFSC";"2007-2013";"FSC";"NAZ-NEW";"RISORSE FSC ASSEGNATE AI COMUNI";"NAZ";3;"Monitorato su BDU 2014-2020. Accorpato in FSCCOMUNI"
"CUGNOLIFSC";"2007-2013";"FSC";"NAZ-NEW";"RISORSE FSC ASSEGNATE AI COMUNI";"NAZ";3;"Monitorato su BDU 2014-2020. Accorpato in FSCCOMUNI"
"CUORGNEFSC";"2007-2013";"FSC";"NAZ-NEW";"RISORSE FSC ASSEGNATE AI COMUNI";"NAZ";3;"Monitorato su BDU 2014-2020. Accorpato in FSCCOMUNI"
"DICOMANOFSC";"2007-2013";"FSC";"NAZ-NEW";"RISORSE FSC ASSEGNATE AI COMUNI";"NAZ";3;"Monitorato su BDU 2014-2020. Accorpato in FSCCOMUNI"
"FIRENZEFSC";"2007-2013";"FSC";"NAZ-NEW";"RISORSE FSC ASSEGNATE AI COMUNI";"NAZ";3;"Monitorato su BDU 2014-2020. Accorpato in FSCCOMUNI"
"FOIANOVALFORFSC";"2007-2013";"FSC";"NAZ-NEW";"RISORSE FSC ASSEGNATE AI COMUNI";"NAZ";3;"Monitorato su BDU 2014-2020. Accorpato in FSCCOMUNI"
"FORLIFSC";"2007-2013";"FSC";"NAZ-NEW";"RISORSE FSC ASSEGNATE AI COMUNI";"NAZ";3;"Monitorato su BDU 2014-2020. Accorpato in FSCCOMUNI"
"FORLIMPOPFSC";"2007-2013";"FSC";"NAZ-NEW";"RISORSE FSC ASSEGNATE AI COMUNI";"NAZ";3;"Monitorato su BDU 2014-2020. Accorpato in FSCCOMUNI"
"FORTUNAGOFSC";"2007-2013";"FSC";"NAZ-NEW";"RISORSE FSC ASSEGNATE AI COMUNI";"NAZ";3;"Monitorato su BDU 2014-2020. Accorpato in FSCCOMUNI"
"FOSSACESIAFSC";"2007-2013";"FSC";"NAZ-NEW";"RISORSE FSC ASSEGNATE AI COMUNI";"NAZ";3;"Monitorato su BDU 2014-2020. Accorpato in FSCCOMUNI"
"FRONTONEFSC";"2007-2013";"FSC";"NAZ-NEW";"RISORSE FSC ASSEGNATE AI COMUNI";"NAZ";3;"Monitorato su BDU 2014-2020. Accorpato in FSCCOMUNI"
"FSCCAPRAIAELIM";"2007-2013";"FSC";"NAZ-NEW";"RISORSE FSC ASSEGNATE AI COMUNI";"NAZ";3;"Monitorato su BDU 2014-2020. Accorpato in FSCCOMUNI"
"FSCCOMAGLIENTU";"2007-2013";"FSC";"NAZ-NEW";"RISORSE FSC ASSEGNATE AI COMUNI";"NAZ";3;"Monitorato su BDU 2014-2020. Accorpato in FSCCOMUNI"
"FSCCOMBADESI";"2007-2013";"FSC";"NAZ-NEW";"RISORSE FSC ASSEGNATE AI COMUNI";"NAZ";3;"Monitorato su BDU 2014-2020. Accorpato in FSCCOMUNI"
"FSCCOMBARLETTA";"2007-2013";"FSC";"NAZ-NEW";"RISORSE FSC ASSEGNATE AI COMUNI";"NAZ";3;"Monitorato su BDU 2014-2020. Accorpato in FSCCOMUNI"
"FSCCOMBELPASSO";"2007-2013";"FSC";"NAZ-NEW";"RISORSE FSC ASSEGNATE AI COMUNI";"NAZ";3;"Monitorato su BDU 2014-2020. Accorpato in FSCCOMUNI"
"FSCCOMCERIGNALE";"2007-2013";"FSC";"NAZ-NEW";"RISORSE FSC ASSEGNATE AI COMUNI";"NAZ";3;"Monitorato su BDU 2014-2020. Accorpato in FSCCOMUNI"
"FSCCOMCIANCIANA";"2007-2013";"FSC";"NAZ-NEW";"RISORSE FSC ASSEGNATE AI COMUNI";"NAZ";3;"Monitorato su BDU 2014-2020. Accorpato in FSCCOMUNI"
"FSCCOMERCOLANO";"2007-2013";"FSC";"NAZ-NEW";"RISORSE FSC ASSEGNATE AI COMUNI";"NAZ";3;"Monitorato su BDU 2014-2020. Accorpato in FSCCOMUNI"
"FSCCOMFRIGENTO";"2007-2013";"FSC";"NAZ-NEW";"RISORSE FSC ASSEGNATE AI COMUNI";"NAZ";3;"Monitorato su BDU 2014-2020. Accorpato in FSCCOMUNI"
"FSCCOMGALLIPOLI";"2007-2013";"FSC";"NAZ-NEW";"RISORSE FSC ASSEGNATE AI COMUNI";"NAZ";3;"Monitorato su BDU 2014-2020. Accorpato in FSCCOMUNI"
"FSCCOMGERREDCAP";"2007-2013";"FSC";"NAZ-NEW";"RISORSE FSC ASSEGNATE AI COMUNI";"NAZ";3;"Monitorato su BDU 2014-2020. Accorpato in FSCCOMUNI"
"FSCCOMGRUAPPULA";"2007-2013";"FSC";"NAZ-NEW";"RISORSE FSC ASSEGNATE AI COMUNI";"NAZ";3;"Monitorato su BDU 2014-2020. Accorpato in FSCCOMUNI"
"FSCCOMMANDURIA";"2007-2013";"FSC";"NAZ-NEW";"RISORSE FSC ASSEGNATE AI COMUNI";"NAZ";3;"Monitorato su BDU 2014-2020. Accorpato in FSCCOMUNI"
"FSCCOMMARFRANCA";"2007-2013";"FSC";"NAZ-NEW";"RISORSE FSC ASSEGNATE AI COMUNI";"NAZ";3;"Monitorato su BDU 2014-2020. Accorpato in FSCCOMUNI"
"FSCCOMOFFIDA";"2007-2013";"FSC";"NAZ-NEW";"RISORSE FSC ASSEGNATE AI COMUNI";"NAZ";3;"Monitorato su BDU 2014-2020. Accorpato in FSCCOMUNI"
"FSCCOMSARZANA";"2007-2013";"FSC";"NAZ-NEW";"RISORSE FSC ASSEGNATE AI COMUNI";"NAZ";3;"Monitorato su BDU 2014-2020. Accorpato in FSCCOMUNI"
"FSCCOMSGBIANCO";"2007-2013";"FSC";"NAZ-NEW";"RISORSE FSC ASSEGNATE AI COMUNI";"NAZ";3;"Monitorato su BDU 2014-2020. Accorpato in FSCCOMUNI"
"FSCCOMSIENA";"2007-2013";"FSC";"NAZ-NEW";"RISORSE FSC ASSEGNATE AI COMUNI";"NAZ";3;"Monitorato su BDU 2014-2020. Accorpato in FSCCOMUNI"
"FSCCOMSTERGALLU";"2007-2013";"FSC";"NAZ-NEW";"RISORSE FSC ASSEGNATE AI COMUNI";"NAZ";3;"Monitorato su BDU 2014-2020. Accorpato in FSCCOMUNI"
"FSCCOMSTORINESE";"2007-2013";"FSC";"NAZ-NEW";"RISORSE FSC ASSEGNATE AI COMUNI";"NAZ";3;"Monitorato su BDU 2014-2020. Accorpato in FSCCOMUNI"
"FSCCOMUNEAGGIUS";"2007-2013";"FSC";"NAZ-NEW";"RISORSE FSC ASSEGNATE AI COMUNI";"NAZ";3;"Monitorato su BDU 2014-2020. Accorpato in FSCCOMUNI"
"FSCCOMUNEBARGA";"2007-2013";"FSC";"NAZ-NEW";"RISORSE FSC ASSEGNATE AI COMUNI";"NAZ";3;"Monitorato su BDU 2014-2020. Accorpato in FSCCOMUNI"
"FSCCOMUNEEMPOLI";"2007-2013";"FSC";"NAZ-NEW";"RISORSE FSC ASSEGNATE AI COMUNI";"NAZ";3;"Monitorato su BDU 2014-2020. Accorpato in FSCCOMUNI"
"FSCCOMUNEPESARO";"2007-2013";"FSC";"NAZ-NEW";"RISORSE FSC ASSEGNATE AI COMUNI";"NAZ";3;"Monitorato su BDU 2014-2020. Accorpato in FSCCOMUNI"
"FSCCOMUNEPRATO";"2007-2013";"FSC";"NAZ-NEW";"RISORSE FSC ASSEGNATE AI COMUNI";"NAZ";3;"Monitorato su BDU 2014-2020. Accorpato in FSCCOMUNI"
"FSCCOMUNEROMA";"2007-2013";"FSC";"NAZ-NEW";"RISORSE FSC ASSEGNATE AI COMUNI";"NAZ";3;"Monitorato su BDU 2014-2020. Accorpato in FSCCOMUNI"
"FSCCOMUNETERNI";"2007-2013";"FSC";"NAZ-NEW";"RISORSE FSC ASSEGNATE AI COMUNI";"NAZ";3;"Monitorato su BDU 2014-2020. Accorpato in FSCCOMUNI"
"FSCCORCIANO";"2007-2013";"FSC";"NAZ-NEW";"RISORSE FSC ASSEGNATE AI COMUNI";"NAZ";3;"Monitorato su BDU 2014-2020. Accorpato in FSCCOMUNI"
"FSCCTRIAGULTUVG";"2007-2013";"FSC";"NAZ-NEW";"RISORSE FSC ASSEGNATE AI COMUNI";"NAZ";3;"Monitorato su BDU 2014-2020. Accorpato in FSCCOMUNI"
"FSCIMPRUNETA";"2007-2013";"FSC";"NAZ-NEW";"RISORSE FSC ASSEGNATE AI COMUNI";"NAZ";3;"Monitorato su BDU 2014-2020. Accorpato in FSCCOMUNI"
"FSCLETTOMANOPPE";"2007-2013";"FSC";"NAZ-NEW";"RISORSE FSC ASSEGNATE AI COMUNI";"NAZ";3;"Monitorato su BDU 2014-2020. Accorpato in FSCCOMUNI"
"FSCMANOPPELLO";"2007-2013";"FSC";"NAZ-NEW";"RISORSE FSC ASSEGNATE AI COMUNI";"NAZ";3;"Monitorato su BDU 2014-2020. Accorpato in FSCCOMUNI"
"FSCMONTECCHIO";"2007-2013";"FSC";"NAZ-NEW";"RISORSE FSC ASSEGNATE AI COMUNI";"NAZ";3;"Monitorato su BDU 2014-2020. Accorpato in FSCCOMUNI"
"FSCRONCHIDEILEG";"2007-2013";"FSC";"NAZ-NEW";"RISORSE FSC ASSEGNATE AI COMUNI";"NAZ";3;"Monitorato su BDU 2014-2020. Accorpato in FSCCOMUNI"
"FSCSANTEMARIE";"2007-2013";"FSC";"NAZ-NEW";"RISORSE FSC ASSEGNATE AI COMUNI";"NAZ";3;"Monitorato su BDU 2014-2020. Accorpato in FSCCOMUNI"
"FSCTERRANUOVABR";"2007-2013";"FSC";"NAZ-NEW";"RISORSE FSC ASSEGNATE AI COMUNI";"NAZ";3;"Monitorato su BDU 2014-2020. Accorpato in FSCCOMUNI"
"GALATIMAMERFSC";"2007-2013";"FSC";"NAZ-NEW";"RISORSE FSC ASSEGNATE AI COMUNI";"NAZ";3;"Monitorato su BDU 2014-2020. Accorpato in FSCCOMUNI"
"GALEATAFSC";"2007-2013";"FSC";"NAZ-NEW";"RISORSE FSC ASSEGNATE AI COMUNI";"NAZ";3;"Monitorato su BDU 2014-2020. Accorpato in FSCCOMUNI"
"GANGIFSC";"2007-2013";"FSC";"NAZ-NEW";"RISORSE FSC ASSEGNATE AI COMUNI";"NAZ";3;"Monitorato su BDU 2014-2020. Accorpato in FSCCOMUNI"
"GRADARAFSC";"2007-2013";"FSC";"NAZ-NEW";"RISORSE FSC ASSEGNATE AI COMUNI";"NAZ";3;"Monitorato su BDU 2014-2020. Accorpato in FSCCOMUNI"
"GRATTERIFSC";"2007-2013";"FSC";"NAZ-NEW";"RISORSE FSC ASSEGNATE AI COMUNI";"NAZ";3;"Monitorato su BDU 2014-2020. Accorpato in FSCCOMUNI"
"LAMPORECFSC";"2007-2013";"FSC";"NAZ-NEW";"RISORSE FSC ASSEGNATE AI COMUNI";"NAZ";3;"Monitorato su BDU 2014-2020. Accorpato in FSCCOMUNI"
"LARCIANOFSC";"2007-2013";"FSC";"NAZ-NEW";"RISORSE FSC ASSEGNATE AI COMUNI";"NAZ";3;"Monitorato su BDU 2014-2020. Accorpato in FSCCOMUNI"
"LASCARIFSC";"2007-2013";"FSC";"NAZ-NEW";"RISORSE FSC ASSEGNATE AI COMUNI";"NAZ";3;"Monitorato su BDU 2014-2020. Accorpato in FSCCOMUNI"
"MACERATAFELFSC";"2007-2013";"FSC";"NAZ-NEW";"RISORSE FSC ASSEGNATE AI COMUNI";"NAZ";3;"Monitorato su BDU 2014-2020. Accorpato in FSCCOMUNI"
"MAIRANOFSC";"2007-2013";"FSC";"NAZ-NEW";"RISORSE FSC ASSEGNATE AI COMUNI";"NAZ";3;"Monitorato su BDU 2014-2020. Accorpato in FSCCOMUNI"
"MALETTOFSC";"2007-2013";"FSC";"NAZ-NEW";"RISORSE FSC ASSEGNATE AI COMUNI";"NAZ";3;"Monitorato su BDU 2014-2020. Accorpato in FSCCOMUNI"
"MARLIANAFSC";"2007-2013";"FSC";"NAZ-NEW";"RISORSE FSC ASSEGNATE AI COMUNI";"NAZ";3;"Monitorato su BDU 2014-2020. Accorpato in FSCCOMUNI"
"MASSCOZZILFSC";"2007-2013";"FSC";"NAZ-NEW";"RISORSE FSC ASSEGNATE AI COMUNI";"NAZ";3;"Monitorato su BDU 2014-2020. Accorpato in FSCCOMUNI"
"MELDOLAFSC";"2007-2013";"FSC";"NAZ-NEW";"RISORSE FSC ASSEGNATE AI COMUNI";"NAZ";3;"Monitorato su BDU 2014-2020. Accorpato in FSCCOMUNI"
"MELICUCCOFSC";"2007-2013";"FSC";"NAZ-NEW";"RISORSE FSC ASSEGNATE AI COMUNI";"NAZ";3;"Monitorato su BDU 2014-2020. Accorpato in FSCCOMUNI"
"MERCATCONCAFSC";"2007-2013";"FSC";"NAZ-NEW";"RISORSE FSC ASSEGNATE AI COMUNI";"NAZ";3;"Monitorato su BDU 2014-2020. Accorpato in FSCCOMUNI"
"MINTURNOFSC";"2007-2013";"FSC";"NAZ-NEW";"RISORSE FSC ASSEGNATE AI COMUNI";"NAZ";3;"Monitorato su BDU 2014-2020. Accorpato in FSCCOMUNI"
"MISILMERIFSC";"2007-2013";"FSC";"NAZ-NEW";"RISORSE FSC ASSEGNATE AI COMUNI";"NAZ";3;"Monitorato su BDU 2014-2020. Accorpato in FSCCOMUNI"
"MONSUMTERMEFSC";"2007-2013";"FSC";"NAZ-NEW";"RISORSE FSC ASSEGNATE AI COMUNI";"NAZ";3;"Monitorato su BDU 2014-2020. Accorpato in FSCCOMUNI"
"MONTALEFSC";"2007-2013";"FSC";"NAZ-NEW";"RISORSE FSC ASSEGNATE AI COMUNI";"NAZ";3;"Monitorato su BDU 2014-2020. Accorpato in FSCCOMUNI"
"MONTECFOGLFSC";"2007-2013";"FSC";"NAZ-NEW";"RISORSE FSC ASSEGNATE AI COMUNI";"NAZ";3;"Monitorato su BDU 2014-2020. Accorpato in FSCCOMUNI"
"MONTECTERMEFSC";"2007-2013";"FSC";"NAZ-NEW";"RISORSE FSC ASSEGNATE AI COMUNI";"NAZ";3;"Monitorato su BDU 2014-2020. Accorpato in FSCCOMUNI"
"MONTEFREDFSC";"2007-2013";"FSC";"NAZ-NEW";"RISORSE FSC ASSEGNATE AI COMUNI";"NAZ";3;"Monitorato su BDU 2014-2020. Accorpato in FSCCOMUNI"
"MONTEGRIMFSC";"2007-2013";"FSC";"NAZ-NEW";"RISORSE FSC ASSEGNATE AI COMUNI";"NAZ";3;"Monitorato su BDU 2014-2020. Accorpato in FSCCOMUNI"
"MONTEMILONEFSC";"2007-2013";"FSC";"NAZ-NEW";"RISORSE FSC ASSEGNATE AI COMUNI";"NAZ";3;"Monitorato su BDU 2014-2020. Accorpato in FSCCOMUNI"
"MONTERIGFSC";"2007-2013";"FSC";"NAZ-NEW";"RISORSE FSC ASSEGNATE AI COMUNI";"NAZ";3;"Monitorato su BDU 2014-2020. Accorpato in FSCCOMUNI"
"MONTEROSALMFSC";"2007-2013";"FSC";"NAZ-NEW";"RISORSE FSC ASSEGNATE AI COMUNI";"NAZ";3;"Monitorato su BDU 2014-2020. Accorpato in FSCCOMUNI"
"MONTESILVANFSC";"2007-2013";"FSC";"NAZ-NEW";"RISORSE FSC ASSEGNATE AI COMUNI";"NAZ";3;"Monitorato su BDU 2014-2020. Accorpato in FSCCOMUNI"
"MONTOROFSC";"2007-2013";"FSC";"NAZ-NEW";"RISORSE FSC ASSEGNATE AI COMUNI";"NAZ";3;"Monitorato su BDU 2014-2020. Accorpato in FSCCOMUNI"
"NOVARASICFSC";"2007-2013";"FSC";"NAZ-NEW";"RISORSE FSC ASSEGNATE AI COMUNI";"NAZ";3;"Monitorato su BDU 2014-2020. Accorpato in FSCCOMUNI"
"OTTATIFSC";"2007-2013";"FSC";"NAZ-NEW";"RISORSE FSC ASSEGNATE AI COMUNI";"NAZ";3;"Monitorato su BDU 2014-2020. Accorpato in FSCCOMUNI"
"PANETTIERIFSC";"2007-2013";"FSC";"NAZ-NEW";"RISORSE FSC ASSEGNATE AI COMUNI";"NAZ";3;"Monitorato su BDU 2014-2020. Accorpato in FSCCOMUNI"
"PELAGOFSC";"2007-2013";"FSC";"NAZ-NEW";"RISORSE FSC ASSEGNATE AI COMUNI";"NAZ";3;"Monitorato su BDU 2014-2020. Accorpato in FSCCOMUNI"
"PESCARAFSC";"2007-2013";"FSC";"NAZ-NEW";"RISORSE FSC ASSEGNATE AI COMUNI";"NAZ";3;"Monitorato su BDU 2014-2020. Accorpato in FSCCOMUNI"
"PETTINEOFSC";"2007-2013";"FSC";"NAZ-NEW";"RISORSE FSC ASSEGNATE AI COMUNI";"NAZ";3;"Monitorato su BDU 2014-2020. Accorpato in FSCCOMUNI"
"PIEVENIEVFSC";"2007-2013";"FSC";"NAZ-NEW";"RISORSE FSC ASSEGNATE AI COMUNI";"NAZ";3;"Monitorato su BDU 2014-2020. Accorpato in FSCCOMUNI"
"POGGIBONSIFSC";"2007-2013";"FSC";"NAZ-NEW";"RISORSE FSC ASSEGNATE AI COMUNI";"NAZ";3;"Monitorato su BDU 2014-2020. Accorpato in FSCCOMUNI"
"POGGIORSFSC";"2007-2013";"FSC";"NAZ-NEW";"RISORSE FSC ASSEGNATE AI COMUNI";"NAZ";3;"Monitorato su BDU 2014-2020. Accorpato in FSCCOMUNI"
"PONTEBUGGFSC";"2007-2013";"FSC";"NAZ-NEW";"RISORSE FSC ASSEGNATE AI COMUNI";"NAZ";3;"Monitorato su BDU 2014-2020. Accorpato in FSCCOMUNI"
"QUARRATAFSC";"2007-2013";"FSC";"NAZ-NEW";"RISORSE FSC ASSEGNATE AI COMUNI";"NAZ";3;"Monitorato su BDU 2014-2020. Accorpato in FSCCOMUNI"
"REINOFSC";"2007-2013";"FSC";"NAZ-NEW";"RISORSE FSC ASSEGNATE AI COMUNI";"NAZ";3;"Monitorato su BDU 2014-2020. Accorpato in FSCCOMUNI"
"ROCCARASOFSC";"2007-2013";"FSC";"NAZ-NEW";"RISORSE FSC ASSEGNATE AI COMUNI";"NAZ";3;"Monitorato su BDU 2014-2020. Accorpato in FSCCOMUNI"
"ROCCASICFSC";"2007-2013";"FSC";"NAZ-NEW";"RISORSE FSC ASSEGNATE AI COMUNI";"NAZ";3;"Monitorato su BDU 2014-2020. Accorpato in FSCCOMUNI"
"SAGATALIBATFSC";"2007-2013";"FSC";"NAZ-NEW";"RISORSE FSC ASSEGNATE AI COMUNI";"NAZ";3;"Monitorato su BDU 2014-2020. Accorpato in FSCCOMUNI"
"SAMBPISTFSC";"2007-2013";"FSC";"NAZ-NEW";"RISORSE FSC ASSEGNATE AI COMUNI";"NAZ";3;"Monitorato su BDU 2014-2020. Accorpato in FSCCOMUNI"
"SANCONOFSC";"2007-2013";"FSC";"NAZ-NEW";"RISORSE FSC ASSEGNATE AI COMUNI";"NAZ";3;"Monitorato su BDU 2014-2020. Accorpato in FSCCOMUNI"
"SANGEMINIFSC";"2007-2013";"FSC";"NAZ-NEW";"RISORSE FSC ASSEGNATE AI COMUNI";"NAZ";3;"Monitorato su BDU 2014-2020. Accorpato in FSCCOMUNI"
"SANGIOVLAPUFSC";"2007-2013";"FSC";"NAZ-NEW";"RISORSE FSC ASSEGNATE AI COMUNI";"NAZ";3;"Monitorato su BDU 2014-2020. Accorpato in FSCCOMUNI"
"SANMARCPITFSC";"2007-2013";"FSC";"NAZ-NEW";"RISORSE FSC ASSEGNATE AI COMUNI";"NAZ";3;"Monitorato su BDU 2014-2020. Accorpato in FSCCOMUNI"
"SANMAURCASFSC";"2007-2013";"FSC";"NAZ-NEW";"RISORSE FSC ASSEGNATE AI COMUNI";"NAZ";3;"Monitorato su BDU 2014-2020. Accorpato in FSCCOMUNI"
"SANSTEFASPFSC";"2007-2013";"FSC";"NAZ-NEW";"RISORSE FSC ASSEGNATE AI COMUNI";"NAZ";3;"Monitorato su BDU 2014-2020. Accorpato in FSCCOMUNI"
"SANTADOMFSC";"2007-2013";"FSC";"NAZ-NEW";"RISORSE FSC ASSEGNATE AI COMUNI";"NAZ";3;"Monitorato su BDU 2014-2020. Accorpato in FSCCOMUNI"
"SANTADOMVITFSC";"2007-2013";"FSC";"NAZ-NEW";"RISORSE FSC ASSEGNATE AI COMUNI";"NAZ";3;"Monitorato su BDU 2014-2020. Accorpato in FSCCOMUNI"
"SANTALFIOFSC";"2007-2013";"FSC";"NAZ-NEW";"RISORSE FSC ASSEGNATE AI COMUNI";"NAZ";3;"Monitorato su BDU 2014-2020. Accorpato in FSCCOMUNI"
"SANTASOFIAFSC";"2007-2013";"FSC";"NAZ-NEW";"RISORSE FSC ASSEGNATE AI COMUNI";"NAZ";3;"Monitorato su BDU 2014-2020. Accorpato in FSCCOMUNI"
"SANVITOLOCFSC";"2007-2013";"FSC";"NAZ-NEW";"RISORSE FSC ASSEGNATE AI COMUNI";"NAZ";3;"Monitorato su BDU 2014-2020. Accorpato in FSCCOMUNI"
"SCARPERIAFSC";"2007-2013";"FSC";"NAZ-NEW";"RISORSE FSC ASSEGNATE AI COMUNI";"NAZ";3;"Monitorato su BDU 2014-2020. Accorpato in FSCCOMUNI"
"SCILLAFSC";"2007-2013";"FSC";"NAZ-NEW";"RISORSE FSC ASSEGNATE AI COMUNI";"NAZ";3;"Monitorato su BDU 2014-2020. Accorpato in FSCCOMUNI"
"SIRACUSAFSC";"2007-2013";"FSC";"NAZ-NEW";"RISORSE FSC ASSEGNATE AI COMUNI";"NAZ";3;"Monitorato su BDU 2014-2020. Accorpato in FSCCOMUNI"
"SOLOFRAFSC";"2007-2013";"FSC";"NAZ-NEW";"RISORSE FSC ASSEGNATE AI COMUNI";"NAZ";3;"Monitorato su BDU 2014-2020. Accorpato in FSCCOMUNI"
"SOVERATOFSC";"2007-2013";"FSC";"NAZ-NEW";"RISORSE FSC ASSEGNATE AI COMUNI";"NAZ";3;"Monitorato su BDU 2014-2020. Accorpato in FSCCOMUNI"
"SOVICILLEFSC";"2007-2013";"FSC";"NAZ-NEW";"RISORSE FSC ASSEGNATE AI COMUNI";"NAZ";3;"Monitorato su BDU 2014-2020. Accorpato in FSCCOMUNI"
"STAZZEMAFSC";"2007-2013";"FSC";"NAZ-NEW";"RISORSE FSC ASSEGNATE AI COMUNI";"NAZ";3;"Monitorato su BDU 2014-2020. Accorpato in FSCCOMUNI"
"TOLLOFSC";"2007-2013";"FSC";"NAZ-NEW";"RISORSE FSC ASSEGNATE AI COMUNI";"NAZ";3;"Monitorato su BDU 2014-2020. Accorpato in FSCCOMUNI"
"USLPIACENZAFSC";"2007-2013";"FSC";"NAZ-NEW";"RISORSE FSC ASSEGNATE AI COMUNI";"NAZ";3;"Monitorato su BDU 2014-2020. Accorpato in FSCCOMUNI"
"UZZANOFSC";"2007-2013";"FSC";"NAZ-NEW";"RISORSE FSC ASSEGNATE AI COMUNI";"NAZ";3;"Monitorato su BDU 2014-2020. Accorpato in FSCCOMUNI"
"VARESEFSC";"2007-2013";"FSC";"NAZ-NEW";"RISORSE FSC ASSEGNATE AI COMUNI";"NAZ";3;"Monitorato su BDU 2014-2020. Accorpato in FSCCOMUNI"
"VERBICAROFSC";"2007-2013";"FSC";"NAZ-NEW";"RISORSE FSC ASSEGNATE AI COMUNI";"NAZ";3;"Monitorato su BDU 2014-2020. Accorpato in FSCCOMUNI"
"VIDDALBAFSC";"2007-2013";"FSC";"NAZ-NEW";"RISORSE FSC ASSEGNATE AI COMUNI";"NAZ";3;"Monitorato su BDU 2014-2020. Accorpato in FSCCOMUNI"
"VILLAMAINAFSC";"2007-2013";"FSC";"NAZ-NEW";"RISORSE FSC ASSEGNATE AI COMUNI";"NAZ";3;"Monitorato su BDU 2014-2020. Accorpato in FSCCOMUNI"
"VILLANBATTFSC";"2007-2013";"FSC";"NAZ-NEW";"RISORSE FSC ASSEGNATE AI COMUNI";"NAZ";3;"Monitorato su BDU 2014-2020. Accorpato in FSCCOMUNI"
"VISCIANOFSC";"2007-2013";"FSC";"NAZ-NEW";"RISORSE FSC ASSEGNATE AI COMUNI";"NAZ";3;"Monitorato su BDU 2014-2020. Accorpato in FSCCOMUNI"
"VIZZINIFSC";"2007-2013";"FSC";"NAZ-NEW";"RISORSE FSC ASSEGNATE AI COMUNI";"NAZ";3;"Monitorato su BDU 2014-2020. Accorpato in FSCCOMUNI"
"ZUNGOLIFSC";"2007-2013";"FSC";"NAZ-NEW";"RISORSE FSC ASSEGNATE AI COMUNI";"NAZ";3;"Monitorato su BDU 2014-2020. Accorpato in FSCCOMUNI"
"FSC_1420_CDD_17";"2014-2020";"FSC";"ALTRO";"SICUREZZA PUBBLICA";"NAZ";4;
"FSC_1420_CDD_23";"2014-2020";"FSC";"ALTRI CIPE";"SIN BRINDISI";"NAZ";4;
"2017TOPIOMBIFSC";"2014-2020";"FSC";"ALTRI CIPE";"SIN PIOMBINO";"NAZ";2;"Capire quale è vuoto"
"FSC_1420_CDD_22";"2014-2020";"FSC";"ALTRI CIPE";"SIN TRIESTE";"NAZ";4;"Coda 713"
"SNAI";"2014-2020";"SNAI";"SNAI";"SNAI";"NAZ";0;"Aggiunto per FUTURA"
"2017AREAINTABRU";"2014-2020";"SNAI";"AREE INTERNE";"SNAI ABRUZZO";"ABRUZZO";0;
"AREEINTASSTEC";"2014-2020";"SNAI";"AREE INTERNE";"SNAI ASSISTENZA TECNICA";"NAZ";0;
"2017AREAINTCAMP";"2014-2020";"SNAI";"AREE INTERNE";"SNAI CAMPANIA";"CAMPANIA";0;
"2018AREAINTFRI";"2014-2020";"SNAI";"AREE INTERNE";"SNAI FRIULI-VENEZIA GIULIA";"FRIULI-VENEZIA GIULIA";0;
"2018AREAINTLIG";"2014-2020";"SNAI";"AREE INTERNE";"SNAI LIGURIA";"LIGURIA";0;
"2017AREAINTLOMB";"2014-2020";"SNAI";"AREE INTERNE";"SNAI LOMBARDIA";"LOMBARDIA";0;
"2017AREAINTMARC";"2014-2020";"SNAI";"AREE INTERNE";"SNAI MARCHE";"MARCHE";0;
"2019AREAINTMOL";"2014-2020";"SNAI";"AREE INTERNE";"SNAI MOLISE";"MOLISE";0;
"2019AREAINTTREN";"2014-2020";"SNAI";"AREE INTERNE";"SNAI PA TRENTO";"PA TRENTO";0;
"2018AREAINTPIEM";"2014-2020";"SNAI";"AREE INTERNE";"SNAI PIEMONTE";"PIEMONTE";0;
"2018AREAINTSICI";"2014-2020";"SNAI";"AREE INTERNE";"SNAI SICILIA";"SICILIA";0;
"2018AREAINTTOSC";"2014-2020";"SNAI";"AREE INTERNE";"SNAI TOSCANA";"TOSCANA";0;
"2018AREAINTUMB";"2014-2020";"SNAI";"AREE INTERNE";"SNAI UMBRIA";"UMBRIA";0;
"2018AREAINTVALD";"2014-2020";"SNAI";"AREE INTERNE";"SNAI VALLE D'AOSTA";"VALLE D'AOSTA";0;
"2019AREAINTVEN";"2014-2020";"SNAI";"AREE INTERNE";"SNAI VENETO";"VENETO";0;
"FSC_1420_CDD_24";"2014-2020";"FSC";"ALTRO";"SOCIETÀ RISORSE IDRICHE";"NAZ";4;
"FSC_1420_CDD_13";"2014-2020";"FSC";"ALTRO";"TPL BASILICATA";"BASILICATA";4;
"FSC_1420_CDD_14";"2014-2020";"FSC";"ALTRO";"TPL CAMPANIA";"CAMPANIA";4;
"2018FSCPIEMTPL";"2014-2020";"FSC";"ALTRO";"TPL PIEMONTE";"PIEMONTE";4;
"FSC_1420_CDD_15";"2014-2020";"FSC";"ALTRO";"TPL UMBRIA";"UMBRIA";4;
"2018FREJUSFSC";"2007-2013";"FSC";"CHK";"TRAFORO FREJUS";"NAZ";0;"Monitorato su BDU 2014-2020"
"2014TC16RFIR003";"2014-2020";"CTE";"INTERREGIONAL";"URBACT";"NAZ";0;
"2007CB163PO048";"2007-2013";"CTE";"INTERREGIONAL";"URBACT";"NAZ";0;
"2018FSCVOUCHER";"2014-2020";"FSC";"ALTRI CIPE";"VOUCHER DIGITALIZZAZIONE PMI";"NAZ";0;
"FSC_1420_CDD_16";"2014-2020";"FSC";"ALTRO";"ZONE ECONOMICHE SPECIALI";"NAZ";4;
"FSCBOSCOREALE";"2007-2013";"FSC";"NAZ-NEW";"RISORSE FSC ASSEGNATE AI COMUNI";"NAZ";0;"Accorpato in FSCCOMUNI"
"FSCCIVITELLATRO";"2007-2013";"FSC";"NAZ-NEW";"RISORSE FSC ASSEGNATE AI COMUNI";"NAZ";0;"Accorpato in FSCCOMUNI"
"FSCCOMAGEROLA";"2007-2013";"FSC";"NAZ-NEW";"RISORSE FSC ASSEGNATE AI COMUNI";"NAZ";0;"Accorpato in FSCCOMUNI"
"FSCCOMDIAMANTE";"2007-2013";"FSC";"NAZ-NEW";"RISORSE FSC ASSEGNATE AI COMUNI";"NAZ";0;"Accorpato in FSCCOMUNI"
"FSCCOMFUCECCHIO";"2007-2013";"FSC";"NAZ-NEW";"RISORSE FSC ASSEGNATE AI COMUNI";"NAZ";0;"Accorpato in FSCCOMUNI"
"FSCCOMLARIANO";"2007-2013";"FSC";"NAZ-NEW";"RISORSE FSC ASSEGNATE AI COMUNI";"NAZ";0;"Accorpato in FSCCOMUNI"
"FSCCOMLUNANO";"2007-2013";"FSC";"NAZ-NEW";"RISORSE FSC ASSEGNATE AI COMUNI";"NAZ";0;"Accorpato in FSCCOMUNI"
"FSCCOMLUOGOSANT";"2007-2013";"FSC";"NAZ-NEW";"RISORSE FSC ASSEGNATE AI COMUNI";"NAZ";0;"Accorpato in FSCCOMUNI"
"FSCCOMMANTOVA";"2007-2013";"FSC";"NAZ-NEW";"RISORSE FSC ASSEGNATE AI COMUNI";"NAZ";0;"Accorpato in FSCCOMUNI"
"FSCCOMSUTERA";"2007-2013";"FSC";"NAZ-NEW";"RISORSE FSC ASSEGNATE AI COMUNI";"NAZ";0;"Accorpato in FSCCOMUNI"
"FSCCOMUNELURAS";"2007-2013";"FSC";"NAZ-NEW";"RISORSE FSC ASSEGNATE AI COMUNI";"NAZ";3;"Monitorato su BDU 2014-2020. Accorpato in FSCCOMUNI"
"FSCCOMUNENARNI";"2007-2013";"FSC";"NAZ-NEW";"RISORSE FSC ASSEGNATE AI COMUNI";"NAZ";3;"Monitorato su BDU 2014-2020. Accorpato in FSCCOMUNI"
"FSCCOMUNETODI";"2007-2013";"FSC";"NAZ-NEW";"RISORSE FSC ASSEGNATE AI COMUNI";"NAZ";3;"Monitorato su BDU 2014-2020. Accorpato in FSCCOMUNI"
"FSCMARSCIANO";"2007-2013";"FSC";"NAZ-NEW";"RISORSE FSC ASSEGNATE AI COMUNI";"NAZ";0;"Accorpato in FSCCOMUNI"
"FSCCOMCALANGIAN";"2007-2013";"FSC";"NAZ-NEW";"RISORSE FSC ASSEGNATE AI COMUNI";"NAZ";0;"Accorpato in FSCCOMUNI"
"FSCCOMUNEMASSA";"2007-2013";"FSC";"NAZ-NEW";"RISORSE FSC ASSEGNATE AI COMUNI";"NAZ";3;"Monitorato su BDU 2014-2020. Accorpato in FSCCOMUNI"
"2007IT161PO001:::2012MISE1PAC21";"2007-2013";"FESR";"PON";"POIN CONV FESR ATTRATTORI CULTURALI, NATURALI E TURISMO:::PAC MISE - DGIAI - AUTOIMPIEGO E AUTOIMPRENDITORIALITÃÂ ";"NAZ";1;
"2007IT161PO005:::2012MITXXPAC32";"2007-2013";"FESR";"PON";"PON CONV FESR RETI E MOBILITA':::PAC MINISTERO DELLE INFRASTRUTTURE E TRASPORTI  SALVAGUARDIA INTERVENTI";"NAZ";1;
"2007IT161PO006:::2007IT001FA005";"2007-2013";"FESR";"PON";"PON CONV FESR RICERCA E COMPETITIVITA':::P.A. DIRETTRICI FERROVIARIE";"NAZ";1;
"2007IT161PO006:::2012MISE1PAC21";"2007-2013";"FESR";"PON";"PON CONV FESR RICERCA E COMPETITIVITA':::PAC MISE - DGIAI - AUTOIMPIEGO E AUTOIMPRENDITORIALITÃÂ";"NAZ";1;
"2007IT161PO006:::2012MIURXPAC21";"2007-2013";"FESR";"PON";"PON RICERCA:::PAC MIUR";"NAZ";1;
"2007IT161PO007:::2012MINTXPAC22:::2012NZ000OC001";"2007-2013";"FESR";"PON";"PON CONV FESR SICUREZZA:::PAC MINISTERO DELL'INTERNO - PIANO AZIONE GIOVANI SICUREZZA E LEGALITA' :::POC SICUREZZA";"NAZ";1;
"2007IT161PO007:::2012NZ000OC001";"2007-2013";"FESR";"PON";"PON CONV FESR SICUREZZA:::POC SICUREZZA";"NAZ";1;
"2007IT162PO008:::2014MOXXXPAC00";"2007-2013";"FESR";"POR";"POR CRO  FESR MOLISE:::PAC MOLISE";"MOLISE";1;
"2007IT162PO012:::2007TO003FA012";"2007-2013";"FESR";"POR";"POR CRO  FESR TOSCANA:::P.A. FAS TOSCANA";"TOSCANA";1;
"2014IT05M2OP002:::2017POCGOVERN01";"2014-2020";"FESR";"PON";"PON GOVERNANCE:::POC GOVERNANCE";"NAZ";1;"ATTENZIONE: x_AMBITO era FESR-FSE"
"2014IT16M2OP002:::2016PATTIPUG";"2014-2020";"FESR";"POR";"POR PUGLIA FESR FSE:::PATTO PUGLIA";"PUGLIA";1;"ATTENZIONE: x_AMBITO era FESR-FSE"
"2014IT16RFOP003:::2017POIMPCOMFSC";"2014-2020";"FESR";"PON";"PON IMPRESE:::PIANO OPERATIVO FSC IMPRESE E COMPETITIVITA'";"NAZ";1;
"2018BOLZPOLTEC";"2014-2020";"FSC";"ALTRI CIPE";"POLI TECNOLOGICI P.A. BOLZANO";"PA BOLZANO";0;"Era: vuoto20"
"2018PIEMPOLTEC";"2014-2020";"FSC";"ALTRI CIPE";"PARCO CITTA' DELLA SALUTE DI TORINO";"PIEMONTE";0;"Era: vuoto20"
"2018REGPIEMFSC";"2014-2020";"FSC";"ALTRI CIPE";"OSPEDALE UNICO DI ORNAVASSO";"PIEMONTE";0;"Era: vuoto8. Da accorpare in EDILIZIA SANITARIA"
"2018REGTOSCFSC";"2014-2020";"FSC";"ALTRI CIPE";"PRESIDIO OSPEDALIERO DI PRATO";"TOSCANA";0;"Era: vuoto8. Da accorpare in EDILIZIA SANITARIA"
"2018TOSPIOMFSC";"2014-2020";"FSC";"ALTRI CIPE";"SIN PIOMBINO";"NAZ";2;"Capire quale è vuoto. x_PROGRAMMA era “RIQUALIFICAZIONE POLO INDUSTRIALE DI PIOMBINO”"
"2017FSCBASAZOR";"2007-2013";"FSC";"CHK";"AZIONI ORGANICHE BASILICATA";"BASILICATA";1;"Da integrare nel DB Programmazione"
"2016XXAMPSAP00";"2014-2020";"FSC";"PIANI";"PIANO FSC DISSESTO IDROGEOLOGICO";"NAZ";3;"Programma fittizio per accorpamento. Era “piano stralcio”"
"2015XXXXXPSO000";"2014-2020";"FSC";"PIANI";"PIANO FSC DISSESTO IDROGEOLOGICO (FONDO)";"NAZ";3;"Programma fittizio per accorpamento. Era “piano stralcio”"
"2019AREAINTEMIL";"2014-2020";"SNAI";"AREE INTERNE";"SNAI EMILIA-ROMAGNA";"EMILIA-ROMAGNA";0;
"2017POCCTE";"2014-2020";"POC";"POC NAZIONALI";"POC CTE";"NAZ";0;
"2019AREAINTBASI";"2014-2020";"SNAI";"AREE INTERNE";"SNAI BASILICATA";"BASILICATA";0;
"2019AREAINTSARD";"2014-2020";"SNAI";"AREE INTERNE";"SNAI SARDEGNA";"SARDEGNA";0;
"2014IT16RFOP003:::2014IT16RFOP007";"2014-2020";"FESR";"PON";"PON FESR IMPRESE E COMPETITIVITA':::POR FESR CAMPANIA";"NAZ";1;
"2016PATTICAMP:::2016POCCAMPAN01";"2014-2020";"FSC";"PATTI";"PATTO + POC CAMPANIA";"CAMPANIA";1;
"FSC_1420_CDD_27";"2014-2020";"FSC";"PATTI";"STRADE PATTI";"NAZ";4;
"FSC_1420_CDD_28";"2014-2020";"FSC";"PATTI";"NIDI PATTI";"NAZ";4;
"FSC_1420_CDD_29";"2014-2020";"FSC";"NUOVE";"AEROPORTO REGGIO CALABRIA";"CALABRIA";4;
"FSC_1420_CDD_30";"2014-2020";"FSC";"NUOVE";"AMMORTIZZATORI SOCIALI";"NAZ";4;
"FSC_1420_CDD_31";"2014-2020";"FSC";"NUOVE";"ECONOMIA CIRCOLARE";"NAZ";4;
"FSC_1420_CDD_32";"2014-2020";"FSC";"NUOVE";"ENERGIA COMUNI";"NAZ";4;
"FSC_1420_CDD_35";"2014-2020";"FSC";"NUOVE";"CIS FOGGIA";"PUGLIA";4;
"FSC_1420_CDD_36";"2014-2020";"FSC";"NUOVE";"CIS MOLISE";"MOLISE";4;
"FSC_1420_CDD_37";"2014-2020";"FSC";"NUOVE";"AGRICOLTURA PUGLIA";"PUGLIA";4;
"FSC_1420_CDD_38";"2014-2020";"FSC";"NUOVE";"XYLELLA";"NAZ";4;
"FSC_1420_CDD_39";"2014-2020";"FSC";"NUOVE";"LA BALZANA";"CAMPANIA";4;
"FSCMILITSPORT";"2007-2013";"FSC";"NAZ-NEW";"IMPIANTI SPORTIVI GRUPPI MILITARI";"NAZ";3;"Monitorato su BDU 2014-2020. Accorpamento di singoli programmi"
"FSC_1420_CDD_33";"2014-2020";"FSC";"ALTRO";"ZONE ECONOMICHE SPECIALI (PIANO INVESTIMENTI)";"NAZ";11;
"FSC_1420_CDD_34";"2014-2020";"FSC";"ALTRO";"RIDUZIONE DL 34/2019";"NAZ";11;
