"OC_CODICE_PROGRAMMA";"x_CICLO";"x_FONDO";"x_AMBITO";"x_GRUPPO";"x_PROGRAMMA";"NOTE"
"2012CLXXXPAC00";"2007-2013";"PROGRAMMI PAC";"POC";"PAC REGIONALI";"PAC CALABRIA";
"2012CAXXXPAC00";"2007-2013";"PROGRAMMI PAC";"POC";"PAC REGIONALI";"PAC CAMPANIA";
"2014MOXXXPAC00";"2007-2013";"PROGRAMMI PAC";"POC";"PAC REGIONALI";"PAC MOLISE";
"2012PUXXXPAC00";"2007-2013";"PROGRAMMI PAC";"POC";"PAC REGIONALI";"PAC PUGLIA";
"2012SIXXXPAC00";"2007-2013";"PROGRAMMI PAC";"POC";"PAC REGIONALI";"PAC SICILIA";
"2012SAXXXPAC00";"2007-2013";"PROGRAMMI PAC";"POC";"PAC REGIONALI";"PAC SARDEGNA";
"2012VAXXXPAC00";"2007-2013";"PROGRAMMI PAC";"POC";"PAC REGIONALI";"PAC VALLE D'AOSTA";
"2013ABXXXPAC00";"2007-2013";"PROGRAMMI PAC";"POC";"PAC REGIONALI";"PAC ABRUZZO";
"2013FVGXXPAC00";"2007-2013";"PROGRAMMI PAC";"POC";"PAC REGIONALI";"PAC FRIULI VENEZIA GIULIA";
"2013UMXXXPAC00";"2007-2013";"PROGRAMMI PAC";"POC";"PAC REGIONALI";"PAC UMBRIA";
"2016PIXXXPAC00";"2007-2013";"PROGRAMMI PAC";"POC";"PAC REGIONALI";"PAC PIEMONTE";
"2017BAXXXPAC00";"2007-2013";"PROGRAMMI PAC";"POC";"PAC REGIONALI";"PAC BASILICATA";
"2016BOXXXPAC00";"2007-2013";"PROGRAMMI PAC";"POC";"PAC REGIONALI";"PAC PA BOLZANO";
"2012MIBACPAC21";"2007-2013";"PROGRAMMI PAC";"POC";"PAC NAZIONALI";"PAC MIBACT";
"2012MINTXPAC21";"2007-2013";"PROGRAMMI PAC";"POC";"PAC NAZIONALI";"PAC MININT SERVIZI DI CURA";
"2012MINTXPAC22";"2007-2013";"PROGRAMMI PAC";"POC";"PAC NAZIONALI";"PAC MININT SICUREZZA E LEGALITA'";
"2012MINTXPAC23";"2007-2013";"PROGRAMMI PAC";"POC";"PAC NAZIONALI";"PAC MININT SICUREZZA E LEGALITA' IN CALABRIA";
"2012MISE1PAC21";"2007-2013";"PROGRAMMI PAC";"POC";"PAC NAZIONALI";"PAC MISE AUTOIMPIEGO E AUTOIMPRENDITORIALITA'";
"2012MISE1PAC22";"2007-2013";"PROGRAMMI PAC";"POC";"PAC NAZIONALI";"PAC MISE IMPRESE, DOMANDA PUBBLICA E PROMOZIONE";
"2012MISE1PAC31";"2007-2013";"PROGRAMMI PAC";"POC";"PAC NAZIONALI";"PAC MISE NUOVE AZIONI E MISURE ANTICICLICHE";
"2012MISE3PAC31";"2007-2013";"PROGRAMMI PAC";"POC";"PAC NAZIONALI";"PAC MISE MISURE ANTICICLICHE";
"2012MITXXPAC32";"2007-2013";"PROGRAMMI PAC";"POC";"PAC NAZIONALI";"PAC MIT SALVAGUARDIA";
"2012MITXXPAC33";"2007-2013";"PROGRAMMI PAC";"POC";"PAC NAZIONALI";"PAC MIT PIANO CITTA'";
"2012MIURXPAC21";"2007-2013";"PROGRAMMI PAC";"POC";"PAC NAZIONALI";"PAC MIUR";
"2012MLPSXPAC21";"2007-2013";"PROGRAMMI PAC";"POC";"PAC NAZIONALI";"PAC MLPS APPRENDISTATO E NEET";
"2012PCMDGPAC21";"2007-2013";"PROGRAMMI PAC";"POC";"PAC NAZIONALI";"PAC PCM GIOVENTU'";
"2014ACTXXPAC00";"2007-2013";"PROGRAMMI PAC";"POC";"PAC NAZIONALI";"PAC GOVERNANCE";
"2007IT052PO005";"2007-2013";"PROGRAMMI FSE";"FSE";"POR";"POR CRO FSE LIGURIA";
"2007IT052PO006";"2007-2013";"PROGRAMMI FSE";"FSE";"POR";"POR CRO FSE LOMBARDIA";
"2007IT052PO007";"2007-2013";"PROGRAMMI FSE";"FSE";"POR";"POR CRO FSE MARCHE";
"2007IT052PO008";"2007-2013";"PROGRAMMI FSE";"FSE";"POR";"POR CRO FSE MOLISE";
"2007IT052PO009";"2007-2013";"PROGRAMMI FSE";"FSE";"POR";"POR CRO FSE PA BOLZANO";
"2007IT052PO010";"2007-2013";"PROGRAMMI FSE";"FSE";"POR";"POR CRO FSE PA TRENTO";
"2007IT052PO011";"2007-2013";"PROGRAMMI FSE";"FSE";"POR";"POR CRO FSE PIEMONTE";
"2007IT052PO012";"2007-2013";"PROGRAMMI FSE";"FSE";"POR";"POR CRO FSE TOSCANA";
"2007IT052PO013";"2007-2013";"PROGRAMMI FSE";"FSE";"POR";"POR CRO FSE UMBRIA";
"2007IT052PO014";"2007-2013";"PROGRAMMI FSE";"FSE";"POR";"POR CRO FSE VALLE D'AOSTA";
"2007IT052PO015";"2007-2013";"PROGRAMMI FSE";"FSE";"POR";"POR CRO FSE VENETO";
"2007IT052PO016";"2007-2013";"PROGRAMMI FSE";"FSE";"POR";"POR CRO FSE SARDEGNA";
"2007IT051PO001";"2007-2013";"PROGRAMMI FSE";"FSE";"POR";"POR CONV FSE CAMPANIA";
"2007IT051PO002";"2007-2013";"PROGRAMMI FSE";"FSE";"POR";"POR CONV FSE CALABRIA";
"2007IT051PO003";"2007-2013";"PROGRAMMI FSE";"FSE";"POR";"POR CONV FSE SICILIA";
"2007IT051PO004";"2007-2013";"PROGRAMMI FSE";"FSE";"POR";"POR CONV FSE BASILICATA";
"2007IT051PO005";"2007-2013";"PROGRAMMI FSE";"FSE";"POR";"POR CONV FSE PUGLIA";
"2007IT052PO001";"2007-2013";"PROGRAMMI FSE";"FSE";"POR";"POR CRO FSE ABRUZZO";
"2007IT052PO002";"2007-2013";"PROGRAMMI FSE";"FSE";"POR";"POR CRO FSE EMILIA ROMAGNA";
"2007IT052PO003";"2007-2013";"PROGRAMMI FSE";"FSE";"POR";"POR CRO FSE FRIULI VENEZIA GIULIA";
"2007IT052PO004";"2007-2013";"PROGRAMMI FSE";"FSE";"POR";"POR CRO FSE LAZIO";
"2007IT052PO017";"2007-2013";"PROGRAMMI FSE";"FSE";"PON";"PON CRO FSE AZIONI DI SISTEMA";
"2007IT051PO006";"2007-2013";"PROGRAMMI FSE";"FSE";"PON";"PON CONV FSE GOVERNANCE E AZIONI DI SISTEMA";
"2007IT051PO007";"2007-2013";"PROGRAMMI FSE";"FSE";"PON";"PON CONV FSE COMPETENZE PER LO SVILUPPO";
"2007PB006MA023";"2007-2013";"PROGRAMMI FSC";"FSC";"PRA-PNA";"PIANO DISCARICHE VENETO";
"2007SI002FAPA1";"2007-2013";"PROGRAMMI FSC";"FSC";"PRA-PNA";"PAS COMUNE DI PALERMO";
"2007EM002FA003";"2007-2013";"PROGRAMMI FSC";"FSC";"PRA-PNA";"PAS RICOSTRUZIONE EMILIA-ROMAGNA";
"2007IT004FAMA1";"2007-2013";"PROGRAMMI FSC";"FSC";"PRA-PNA";"PNA RISANAMENTO AMBIENTALE";
"2007BA001FA012";"2007-2013";"PROGRAMMI FSC";"FSC";"PRA-PNA";"PRA BASILICATA";
"2007CL001FA008";"2007-2013";"PROGRAMMI FSC";"FSC";"PRA-PNA";"PRA CALABRIA";
"2007CA001FA009";"2007-2013";"PROGRAMMI FSC";"FSC";"PRA-PNA";"PRA CAMPANIA";
"2007MO002FA008";"2007-2013";"PROGRAMMI FSC";"FSC";"PRA-PNA";"PRA MOLISE";
"2007PU001FA010";"2007-2013";"PROGRAMMI FSC";"FSC";"PRA-PNA";"PRA PUGLIA";
"2007SA002FA016";"2007-2013";"PROGRAMMI FSC";"FSC";"PRA-PNA";"PRA SARDEGNA";
"2007SI001FA011";"2007-2013";"PROGRAMMI FSC";"FSC";"PRA-PNA";"PRA FSC SICILIA";
"2007IT005FAMAC";"2007-2013";"PROGRAMMI FSC";"FSC";"PRA-PNA";"COMPENSAZIONI AMBIENTALI CAMPANIA";
"FSCMUSEOTERME";"2007-2013";"PROGRAMMI FSC";"FSC";"ALTRO";"MUSEO DELLE TERME DI MONTECATINI";
"2007AB003FA001";"2007-2013";"PROGRAMMI FSC";"FSC";"PRA-PNA";"PRA ABRUZZO";
"2007AN0021FA01";"2007-2013";"PROGRAMMI FSC";"FSC";"ALTRO";"COMPLETAMENTO SALERNO-REGGIO CALABRIA";
"2007IT001FA003";"2007-2013";"PROGRAMMI FSC";"FSC";"PRA-PNA";"PNA DA EXPO AI TERRITORI";
"2007IT001FA004";"2007-2013";"PROGRAMMI FSC";"FSC";"PRA-PNA";"PA SICUREZZA EDIFICI SCOLASTICI";
"2007IT001FA005";"2007-2013";"PROGRAMMI FSC";"FSC";"PRA-PNA";"PAS DIRETTRICI FERROVIARIE";
"2007IT002FA030";"2007-2013";"PROGRAMMI FSC";"FSC";"PRA-PNA";"PAS RI.MED.";
"2007IT004FABC1";"2007-2013";"PROGRAMMI FSC";"FSC";"PRA-PNA";"PAS SEDI MUSEALI NAZIONALI";
"2007IT005FAMG1";"2007-2013";"PROGRAMMI FSC";"FSC";"PRA-PNA";"PAS GIUSTIZIA CIVILE";
"2007IT006FISMA";"2007-2013";"PROGRAMMI FSC";"FSC";"PRA-PNA";"PNA NUOVA IMPRENDITORIALITA' AGRICOLA";
"2007PI004MA014";"2007-2013";"PROGRAMMI FSC";"FSC";"PRA-PNA";"PS RISORSA IDRICA PA TRENTO";
"2007PI004MA002";"2007-2013";"PROGRAMMI FSC";"FSC";"PRA-PNA";"PS RISORSA IDRICA ABRUZZO";
"2007PI004MA013";"2007-2013";"PROGRAMMI FSC";"FSC";"PRA-PNA";"PS RISORSA IDRICA EMILIA ROMAGNA";
"2007PI004MA011";"2007-2013";"PROGRAMMI FSC";"FSC";"PRA-PNA";"PS RISORSA IDRICA FRIULI VENEZIA GIULIA";
"2007PI004MA004";"2007-2013";"PROGRAMMI FSC";"FSC";"PRA-PNA";"PS RISORSA IDRICA LAZIO";
"2007PI004MA008";"2007-2013";"PROGRAMMI FSC";"FSC";"PRA-PNA";"PS RISORSA IDRICA LIGURIA";
"2007PI004MA003";"2007-2013";"PROGRAMMI FSC";"FSC";"PRA-PNA";"PS RISORSA IDRICA LOMBARDIA";
"2007PI004MA007";"2007-2013";"PROGRAMMI FSC";"FSC";"PRA-PNA";"PS RISORSA IDRICA MARCHE";
"2007PI004MA005";"2007-2013";"PROGRAMMI FSC";"FSC";"PRA-PNA";"PS RISORSA IDRICA MOLISE";
"2007PI004MA001";"2007-2013";"PROGRAMMI FSC";"FSC";"PRA-PNA";"PS RISORSA IDRICA PIEMONTE";
"2007PI004MA010";"2007-2013";"PROGRAMMI FSC";"FSC";"PRA-PNA";"PS RISORSA IDRICA TOSCANA";
"2007PI004MA006";"2007-2013";"PROGRAMMI FSC";"FSC";"PRA-PNA";"PS RISORSA IDRICA VALLE D'AOSTA";
"2007PI004MA009";"2007-2013";"PROGRAMMI FSC";"FSC";"PRA-PNA";"PS RISORSA IDRICA VENETO";
"2007AB002FA001";"2007-2013";"PROGRAMMI FSC";"FSC";"PAR";"PAR FSC ABRUZZO";
"2007EM002FA002";"2007-2013";"PROGRAMMI FSC";"FSC";"PAR";"PAR FSC EMILIA ROMAGNA";
"2007FR002FA003";"2007-2013";"PROGRAMMI FSC";"FSC";"PAR";"PAR FSC FRIULI VENEZIA GIULIA";
"2007LI002FA005";"2007-2013";"PROGRAMMI FSC";"FSC";"PAR";"PAR FSC LIGURIA";
"2007LO002FA006";"2007-2013";"PROGRAMMI FSC";"FSC";"PAR";"PAR FSC LOMBARDIA";
"2007MA002FA007";"2007-2013";"PROGRAMMI FSC";"FSC";"PAR";"PAR FSC MARCHE";
"2007MO002FA009";"2007-2013";"PROGRAMMI FSC";"FSC";"PAR";"PAR FSC MOLISE";
"2007BO002FA009";"2007-2013";"PROGRAMMI FSC";"FSC";"PAR";"PAR FSC PA BOLZANO";
"2007PI002FA011";"2007-2013";"PROGRAMMI FSC";"FSC";"PAR";"PAR FSC PIEMONTE";
"2007TO003FA012";"2007-2013";"PROGRAMMI FSC";"FSC";"PAR";"PAR FSC TOSCANA";
"2007UM002FA013";"2007-2013";"PROGRAMMI FSC";"FSC";"PAR";"PAR FSC UMBRIA";
"2007TR002FA010";"2007-2013";"PROGRAMMI FSC";"FSC";"PAR";"PAR FSC P.A. TRENTO";
"2007VA002FA014";"2007-2013";"PROGRAMMI FSC";"FSC";"PAR";"PAR FSC VALLE D'AOSTA";
"2007VE002FA015";"2007-2013";"PROGRAMMI FSC";"FSC";"PAR";"PAR FSC VENETO";
"2007IT001FAOS1";"2007-2013";"PROGRAMMI FSC";"FSC";"OBIETTIVI DI SERVIZIO";"ODS ABRUZZO";
"2007IT001FAOS5";"2007-2013";"PROGRAMMI FSC";"FSC";"OBIETTIVI DI SERVIZIO";"ODS BASILICATA";
"2007IT001FAOS3";"2007-2013";"PROGRAMMI FSC";"FSC";"OBIETTIVI DI SERVIZIO";"ODS CAMPANIA";
"2007IT001FAOS2";"2007-2013";"PROGRAMMI FSC";"FSC";"OBIETTIVI DI SERVIZIO";"ODS MOLISE";
"2007IT001FAOS8";"2007-2013";"PROGRAMMI FSC";"FSC";"OBIETTIVI DI SERVIZIO";"ODS SARDEGNA";
"2007IT001FAOS7";"2007-2013";"PROGRAMMI FSC";"FSC";"OBIETTIVI DI SERVIZIO";"ODS SICILIA";
"2007IT001FAOS9";"2007-2013";"PROGRAMMI FSC";"FSC";"OBIETTIVI DI SERVIZIO";"ODS MIUR";
"2007IT161PO012";"2007-2013";"PROGRAMMI FESR";"FESR";"POR";"POR CONV FESR BASILICATA";
"2007IT161PO008";"2007-2013";"PROGRAMMI FESR";"FESR";"POR";"POR CONV FESR CALABRIA";
"2007IT161PO009";"2007-2013";"PROGRAMMI FESR";"FESR";"POR";"POR CONV FESR CAMPANIA";
"2007IT161PO010";"2007-2013";"PROGRAMMI FESR";"FESR";"POR";"POR CONV FESR PUGLIA";
"2007IT161PO011";"2007-2013";"PROGRAMMI FESR";"FESR";"POR";"POR CONV FESR SICILIA";
"2007IT162PO002";"2007-2013";"PROGRAMMI FESR";"FESR";"POR";"POR CRO FESR EMILIA ROMAGNA";
"2007IT162PO004";"2007-2013";"PROGRAMMI FESR";"FESR";"POR";"POR CRO FESR LAZIO";
"2007IT162PO005";"2007-2013";"PROGRAMMI FESR";"FESR";"POR";"POR CRO FESR LIGURIA";
"2007IT162PO007";"2007-2013";"PROGRAMMI FESR";"FESR";"POR";"POR CRO FESR MARCHE";
"2007IT162PO008";"2007-2013";"PROGRAMMI FESR";"FESR";"POR";"POR CRO FESR MOLISE";
"2007IT162PO016";"2007-2013";"PROGRAMMI FESR";"FESR";"POR";"POR CRO FESR SARDEGNA";
"2007IT162PO012";"2007-2013";"PROGRAMMI FESR";"FESR";"POR";"POR CRO FESR TOSCANA";
"2007IT162PO013";"2007-2013";"PROGRAMMI FESR";"FESR";"POR";"POR CRO FESR UMBRIA";
"2007IT162PO001";"2007-2013";"PROGRAMMI FESR";"FESR";"POR";"POR CRO FESR ABRUZZO";
"2007IT162PO003";"2007-2013";"PROGRAMMI FESR";"FESR";"POR";"POR CRO FESR FRIULI VENEZIA GIULIA";
"2007IT162PO006";"2007-2013";"PROGRAMMI FESR";"FESR";"POR";"POR CRO FESR LOMBARDIA";
"2007IT162PO009";"2007-2013";"PROGRAMMI FESR";"FESR";"POR";"POR CRO FESR PA BOLZANO";
"2007IT162PO010";"2007-2013";"PROGRAMMI FESR";"FESR";"POR";"POR CRO FESR PA TRENTO";
"2007IT162PO011";"2007-2013";"PROGRAMMI FESR";"FESR";"POR";"POR CRO FESR PIEMONTE";
"2007IT162PO014";"2007-2013";"PROGRAMMI FESR";"FESR";"POR";"POR CRO FESR VALLE D'AOSTA";
"2007IT162PO015";"2007-2013";"PROGRAMMI FESR";"FESR";"POR";"POR CRO FESR VENETO";
"2007IT161PO001";"2007-2013";"PROGRAMMI FESR";"FESR";"PON-POIN";"POIN ATTRATTORI";
"2007IT161PO002";"2007-2013";"PROGRAMMI FESR";"FESR";"PON-POIN";"POIN ENERGIA";
"2007IT161PO003";"2007-2013";"PROGRAMMI FESR";"FESR";"PON-POIN";"PON GAT";
"2007IT161PO004";"2007-2013";"PROGRAMMI FESR";"FESR";"PON-POIN";"PON SCUOLA";
"2007IT161PO005";"2007-2013";"PROGRAMMI FESR";"FESR";"PON-POIN";"PON RETI";
"2007IT161PO006";"2007-2013";"PROGRAMMI FESR";"FESR";"PON-POIN";"PON RICERCA";
"2007IT161PO007";"2007-2013";"PROGRAMMI FESR";"FESR";"PON-POIN";"PON SICUREZZA";
"2017POCSICILIA1";"2014-2020";"PROGRAMMI POC";"POC";"POC REGIONALI";"POC SICILIA";
"2016POCCAMPAN01";"2014-2020";"PROGRAMMI POC";"POC";"POC REGIONALI";"POC CAMPANIA";
"2015IGRUEPCI001";"2014-2020";"PROGRAMMI POC";"POC";"POC NAZIONALI";"POC IGRUE";
"2017POCGOVERN01";"2014-2020";"PROGRAMMI POC";"POC";"POC NAZIONALI";"POC GOVERNANCE";
"2017POCLEGAL01";"2014-2020";"PROGRAMMI POC";"POC";"POC NAZIONALI";"POC LEGALITA'";
"2017POCRICERCA1";"2014-2020";"PROGRAMMI POC";"POC";"POC NAZIONALI";"POC RICERCA";
"2016POCCITMETRO";"2014-2020";"PROGRAMMI POC";"POC";"POC NAZIONALI";"POC METRO";
"2016POCCULTURA1";"2014-2020";"PROGRAMMI POC";"POC";"POC NAZIONALI";"POC CULTURA";
"2016POCIMPRESE1";"2014-2020";"PROGRAMMI POC";"POC";"POC NAZIONALI";"POC IMPRESE";
"2014IT05M9OP001";"2014-2020";"PROGRAMMI FSE-YEI";"YEI";"PON";"PON INIZIATIVA OCCUPAZIONE GIOVANI";
"2014IT05SFOP003";"2014-2020";"PROGRAMMI FSE";"FSE";"POR";"POR EMILIA-ROMAGNA FSE";
"2014IT05SFOP004";"2014-2020";"PROGRAMMI FSE";"FSE";"POR";"POR FRIULI-VENEZIA GIULIA FSE";
"2014IT05SFOP005";"2014-2020";"PROGRAMMI FSE";"FSE";"POR";"POR LAZIO FSE";
"2014IT05SFOP006";"2014-2020";"PROGRAMMI FSE";"FSE";"POR";"POR LIGURIA FSE";
"2014IT05SFOP007";"2014-2020";"PROGRAMMI FSE";"FSE";"POR";"POR LOMBARDIA FSE";
"2014IT05SFOP008";"2014-2020";"PROGRAMMI FSE";"FSE";"POR";"POR MARCHE FSE";
"2014IT05SFOP009";"2014-2020";"PROGRAMMI FSE";"FSE";"POR";"POR ABRUZZO FSE";
"2014IT05SFOP010";"2014-2020";"PROGRAMMI FSE";"FSE";"POR";"POR UMBRIA FSE";
"2014IT05SFOP011";"2014-2020";"PROGRAMMI FSE";"FSE";"POR";"POR VALLE D'AOSTA FSE";
"2014IT05SFOP012";"2014-2020";"PROGRAMMI FSE";"FSE";"POR";"POR VENETO FSE";
"2014IT05SFOP013";"2014-2020";"PROGRAMMI FSE";"FSE";"POR";"POR PIEMONTE FSE";
"2014IT05SFOP014";"2014-2020";"PROGRAMMI FSE";"FSE";"POR";"POR SICILIA FSE";
"2014IT05SFOP015";"2014-2020";"PROGRAMMI FSE";"FSE";"POR";"POR TOSCANA FSE";
"2014IT05SFOP016";"2014-2020";"PROGRAMMI FSE";"FSE";"POR";"POR BASILICATA FSE";
"2014IT05SFOP017";"2014-2020";"PROGRAMMI FSE";"FSE";"POR";"POR PA BOLZANO FSE";
"2014IT05SFOP018";"2014-2020";"PROGRAMMI FSE";"FSE";"POR";"POR PA TRENTO FSE";
"2014IT05SFOP020";"2014-2020";"PROGRAMMI FSE";"FSE";"POR";"POR CAMPANIA FSE";
"2014IT05SFOP021";"2014-2020";"PROGRAMMI FSE";"FSE";"POR";"POR SARDEGNA FSE";
"2014IT05SFOP001";"2014-2020";"PROGRAMMI FSE";"FSE";"PON";"PON INCLUSIONE";
"2014IT05SFOP002";"2014-2020";"PROGRAMMI FSE";"FSE";"PON";"PON POLITICHE ATTIVE";
"2016LOAMPSAP06";"2014-2020";"PROGRAMMI FSC";"FSC";"PIANI STRALCIO";"PS AREE METROPOLITANE LOMBARDIA";
"2016ABAMPSAP01";"2014-2020";"PROGRAMMI FSC";"FSC";"PIANI STRALCIO";"PS AREE METROPOLITANE ABRUZZO";
"2016EMAMPSAP02";"2014-2020";"PROGRAMMI FSC";"FSC";"PIANI STRALCIO";"PS AREE METROPOLITANE EMILIA ROMAGNA";
"2016LIAMPSAP03";"2014-2020";"PROGRAMMI FSC";"FSC";"PIANI STRALCIO";"PS AREE METROPOLITANE LIGURIA";
"2016SAAMPSAP04";"2014-2020";"PROGRAMMI FSC";"FSC";"PIANI STRALCIO";"PS AREE METROPOLITANE SARDEGNA";
"2016TOAMPSAP05";"2014-2020";"PROGRAMMI FSC";"FSC";"PIANI STRALCIO";"PS AREE METROPOLITANE TOSCANA";
"2016VEAMPSAP07";"2014-2020";"PROGRAMMI FSC";"FSC";"PIANI STRALCIO";"PS AREE METROPOLITANE VENETO";
"2018CAPCULTFSC";"2014-2020";"PROGRAMMI FSC";"FSC";"PIANI STRALCIO";"CAPITALI ITALIANE DELLA CULTURA";
"2018FSCGIOVIMP";"2014-2020";"PROGRAMMI FSC";"FSC";"PIANI STRALCIO";"GIOVANI IMPRENDITORI NEL MEZZOGIORNO";
"2018FSCVOUCHER";"2014-2020";"PROGRAMMI FSC";"FSC";"PIANI STRALCIO";"VOUCHER DIGITALIZZAZIONE PMI";
"2017PPORTTARFSC";"2014-2020";"PROGRAMMI FSC";"FSC";"PIANI STRALCIO";"PIASTRA PORTUALE DI TARANTO";
"2017FSCRICERCA";"2014-2020";"PROGRAMMI FSC";"FSC";"PIANI STRALCIO";"PIANO STRALCIO RICERCA E INNOVAZIONE";
"2017PALGIURCFSC";"2014-2020";"PROGRAMMI FSC";"FSC";"PIANI STRALCIO";"PALAZZO DI GIUSTIZIA DI REGGIO CALABRIA";
"2016XXPCMFSC002";"2014-2020";"PROGRAMMI FSC";"FSC";"PIANI STRALCIO";"CITTADELLA GIUDIZIARIA DI SALERNO";
"2015MBACTFSC017";"2014-2020";"PROGRAMMI FSC";"FSC";"PIANI STRALCIO";"PROGRAMMA SENSI CONTEMPORANEI";
"2015MSIAIFSC011";"2014-2020";"PROGRAMMI FSC";"FSC";"PIANI STRALCIO";"CONTRATTI DI SVILUPPO";
"2016MBCSGFSC006";"2014-2020";"PROGRAMMI FSC";"FSC";"PIANI STRALCIO";"PIANO STRALCIO CULTURA E TURISMO";
"2017POAMBIENFSC";"2014-2020";"PROGRAMMI FSC";"FSC";"PIANI OPERATIVI";"PIANO OPERATIVO FSC AMBIENTE";
"2017POINFRASFSC";"2014-2020";"PROGRAMMI FSC";"FSC";"PIANI OPERATIVI";"PIANO OPERATIVO FSC INFRASTRUTTURE";
"2017POIMPCOMFSC";"2014-2020";"PROGRAMMI FSC";"FSC";"PIANI OPERATIVI";"PIANO OPERATIVO FSC IMPRESE E COMPETITIVITA'";
"2017POAGRICOFSC";"2014-2020";"PROGRAMMI FSC";"FSC";"PIANI OPERATIVI";"PIANO OPERATIVO FSC AGRICOLTURA";
"2016PATTIRC";"2014-2020";"PROGRAMMI FSC";"FSC";"PATTI";"PATTO REGGIO CALABRIA";
"2018POFSCEMROM";"2014-2020";"PROGRAMMI FSC";"FSC";"PATTI";"PATTO EMILIA-ROMAGNA";
"2018POFSCBO";"2014-2020";"PROGRAMMI FSC";"FSC";"PATTI";"PATTO BOLOGNA";
"2016PATTIMES";"2014-2020";"PROGRAMMI FSC";"FSC";"PATTI";"PATTO MESSINA";
"2016PATTIVEN";"2014-2020";"PROGRAMMI FSC";"FSC";"PATTI";"PATTO VENEZIA";
"2016PATTIABR";"2014-2020";"PROGRAMMI FSC";"FSC";"PATTI";"PATTO ABRUZZO";
"2016PATTICAL";"2014-2020";"PROGRAMMI FSC";"FSC";"PATTI";"PATTO CALABRIA";
"2016PATTICAMP";"2014-2020";"PROGRAMMI FSC";"FSC";"PATTI";"PATTO CAMPANIA";
"2016PATTIMOL";"2014-2020";"PROGRAMMI FSC";"FSC";"PATTI";"PATTO MOLISE";
"2016PATTISARD";"2014-2020";"PROGRAMMI FSC";"FSC";"PATTI";"PATTO SARDEGNA";
"2016PATTIBASIL";"2014-2020";"PROGRAMMI FSC";"FSC";"PATTI";"PATTO BASILICATA";
"2016PATTIBARI";"2014-2020";"PROGRAMMI FSC";"FSC";"PATTI";"PATTO BARI";
"2016PATTICAGL";"2014-2020";"PROGRAMMI FSC";"FSC";"PATTI";"PATTO CAGLIARI";
"2016PATTICAT";"2014-2020";"PROGRAMMI FSC";"FSC";"PATTI";"PATTO CATANIA";
"2016PATTIFIR";"2014-2020";"PROGRAMMI FSC";"FSC";"PATTI";"PATTO FIRENZE";
"2016PATTIGEN";"2014-2020";"PROGRAMMI FSC";"FSC";"PATTI";"PATTO GENOVA";
"2016PATTILAZ";"2014-2020";"PROGRAMMI FSC";"FSC";"PATTI";"PATTO LAZIO";
"2016PATTILOMB";"2014-2020";"PROGRAMMI FSC";"FSC";"PATTI";"PATTO LOMBARDIA";
"2016PATTIMIL";"2014-2020";"PROGRAMMI FSC";"FSC";"PATTI";"PATTO MILANO";
"2016PATTINAP";"2014-2020";"PROGRAMMI FSC";"FSC";"PATTI";"PATTO NAPOLI";
"2016PATTIPAL";"2014-2020";"PROGRAMMI FSC";"FSC";"PATTI";"PATTO PALERMO";
"2016PATTIPUG";"2014-2020";"PROGRAMMI FSC";"FSC";"PATTI";"PATTO PUGLIA";
"2016PATTISICI";"2014-2020";"PROGRAMMI FSC";"FSC";"PATTI";"PATTO SICILIA";
"2018FREJUSFSC";"2014-2020";"PROGRAMMI FSC";"FSC";"ALTRO";"TRAFORO FREJUS";
"2017NAPOLI-POZZ";"2014-2020";"PROGRAMMI FSC";"FSC";"ALTRO";"COLLEGAMENTO PORTO DI POZZUOLI";
"2015XMINTFSC016";"2014-2020";"PROGRAMMI FSC";"FSC";"ALTRO";"PIANO SICUREZZA URBANA ROMA";"x_CICLO era 2007-2013"
"2012XMITRFSC005";"2014-2020";"PROGRAMMI FSC";"FSC";"ALTRO";"LINEA METROPOLITANA DI MILANO M5";
"2014IT16M2OP001";"2014-2020";"PROGRAMMI FESR-FSE";"FESR-FSE";"POR";"POR MOLISE FESR FSE";
"2014IT16M2OP002";"2014-2020";"PROGRAMMI FESR-FSE";"FESR-FSE";"POR";"POR PUGLIA FESR FSE";
"2014IT16M2OP006";"2014-2020";"PROGRAMMI FESR-FSE";"FESR-FSE";"POR";"POR CALABRIA FESR FSE";
"2014IT16M2OP003";"2014-2020";"PROGRAMMI FESR-FSE";"FESR-FSE";"PON";"PON LEGALITA'";
"2014IT16M2OP004";"2014-2020";"PROGRAMMI FESR-FSE";"FESR-FSE";"PON";"PON METRO";
"2014IT16M2OP005";"2014-2020";"PROGRAMMI FESR-FSE";"FESR-FSE";"PON";"PON RICERCA";
"2014IT05M2OP001";"2014-2020";"PROGRAMMI FESR-FSE";"FESR-FSE";"PON";"PON SCUOLA";
"2014IT05M2OP002";"2014-2020";"PROGRAMMI FESR-FSE";"FESR-FSE";"PON";"PON GOVERNANCE";
"2014IT16RFOP004";"2014-2020";"PROGRAMMI FESR";"FESR";"POR";"POR ABRUZZO FESR";
"2014IT16RFOP005";"2014-2020";"PROGRAMMI FESR";"FESR";"POR";"POR PA BOLZANO FESR";
"2014IT16RFOP007";"2014-2020";"PROGRAMMI FESR";"FESR";"POR";"POR CAMPANIA FESR";
"2014IT16RFOP008";"2014-2020";"PROGRAMMI FESR";"FESR";"POR";"POR EMILIA-ROMAGNA FESR";
"2014IT16RFOP009";"2014-2020";"PROGRAMMI FESR";"FESR";"POR";"POR FRIULI-VENEZIA GIULIA FESR";
"2014IT16RFOP010";"2014-2020";"PROGRAMMI FESR";"FESR";"POR";"POR LAZIO FESR";
"2014IT16RFOP011";"2014-2020";"PROGRAMMI FESR";"FESR";"POR";"POR LIGURIA FESR";
"2014IT16RFOP012";"2014-2020";"PROGRAMMI FESR";"FESR";"POR";"POR LOMBARDIA FESR";
"2014IT16RFOP013";"2014-2020";"PROGRAMMI FESR";"FESR";"POR";"POR MARCHE FESR";
"2014IT16RFOP014";"2014-2020";"PROGRAMMI FESR";"FESR";"POR";"POR PIEMONTE FESR";
"2014IT16RFOP015";"2014-2020";"PROGRAMMI FESR";"FESR";"POR";"POR SARDEGNA FESR";
"2014IT16RFOP016";"2014-2020";"PROGRAMMI FESR";"FESR";"POR";"POR SICILIA FESR";
"2014IT16RFOP017";"2014-2020";"PROGRAMMI FESR";"FESR";"POR";"POR TOSCANA FESR";
"2014IT16RFOP018";"2014-2020";"PROGRAMMI FESR";"FESR";"POR";"POR PA TRENTO FESR";
"2014IT16RFOP019";"2014-2020";"PROGRAMMI FESR";"FESR";"POR";"POR UMBRIA FESR";
"2014IT16RFOP020";"2014-2020";"PROGRAMMI FESR";"FESR";"POR";"POR VALLE D'AOSTA FESR";
"2014IT16RFOP021";"2014-2020";"PROGRAMMI FESR";"FESR";"POR";"POR VENETO FESR";
"2014IT16RFOP022";"2014-2020";"PROGRAMMI FESR";"FESR";"POR";"POR BASILICATA FESR";
"2015IT16RFSM001";"2014-2020";"PROGRAMMI FESR";"FESR";"PON";"PON INIZIATIVA PMI";
"2014IT16RFOP001";"2014-2020";"PROGRAMMI FESR";"FESR";"PON";"PON CULTURA";
"2014IT16RFOP002";"2014-2020";"PROGRAMMI FESR";"FESR";"PON";"PON INFRASTRUTTURE";
"2014IT16RFOP003";"2014-2020";"PROGRAMMI FESR";"FESR";"PON";"PON IMPRESE";
"2014IT06RDRP001";"2014-2020";"PROGRAMMI FEASR";"FEASR";"POR";"PSR ABRUZZO";
"2014IT06RDRP002";"2014-2020";"PROGRAMMI FEASR";"FEASR";"POR";"PSR BOLZANO";
"2014IT06RDRP003";"2014-2020";"PROGRAMMI FEASR";"FEASR";"POR";"PSR EMILIA-ROMAGNA";
"2014IT06RDRP004";"2014-2020";"PROGRAMMI FEASR";"FEASR";"POR";"PSR FRIULI-VENEZIA GIULIA";
"2014IT06RDRP005";"2014-2020";"PROGRAMMI FEASR";"FEASR";"POR";"PSR LAZIO";
"2014IT06RDRP006";"2014-2020";"PROGRAMMI FEASR";"FEASR";"POR";"PSR LIGURIA";
"2014IT06RDRP007";"2014-2020";"PROGRAMMI FEASR";"FEASR";"POR";"PSR LOMBARDIA";
"2014IT06RDRP008";"2014-2020";"PROGRAMMI FEASR";"FEASR";"POR";"PSR MARCHE";
"2014IT06RDRP009";"2014-2020";"PROGRAMMI FEASR";"FEASR";"POR";"PSR PIEMONTE";
"2014IT06RDRP010";"2014-2020";"PROGRAMMI FEASR";"FEASR";"POR";"PSR TOSCANA";
"2014IT06RDRP011";"2014-2020";"PROGRAMMI FEASR";"FEASR";"POR";"PSR TRENTO";
"2014IT06RDRP012";"2014-2020";"PROGRAMMI FEASR";"FEASR";"POR";"PSR UMBRIA";
"2014IT06RDRP013";"2014-2020";"PROGRAMMI FEASR";"FEASR";"POR";"PSR VALLE D'AOSTA";
"2014IT06RDRP014";"2014-2020";"PROGRAMMI FEASR";"FEASR";"POR";"PSR VENETO";
"2014IT06RDRP015";"2014-2020";"PROGRAMMI FEASR";"FEASR";"POR";"PSR MOLISE";
"2014IT06RDRP016";"2014-2020";"PROGRAMMI FEASR";"FEASR";"POR";"PSR SARDEGNA";
"2014IT06RDRP017";"2014-2020";"PROGRAMMI FEASR";"FEASR";"POR";"PSR BASILICATA";
"2014IT06RDRP018";"2014-2020";"PROGRAMMI FEASR";"FEASR";"POR";"PSR CALABRIA";
"2014IT06RDRP019";"2014-2020";"PROGRAMMI FEASR";"FEASR";"POR";"PSR CAMPANIA";
"2014IT06RDRP020";"2014-2020";"PROGRAMMI FEASR";"FEASR";"POR";"PSR PUGLIA";
"2014IT06RDRP021";"2014-2020";"PROGRAMMI FEASR";"FEASR";"POR";"PSR SICILIA";
"2014IT06RDNP001";"2014-2020";"PROGRAMMI FEASR";"FEASR";"PON";"PSR NAZIONALE";
"2014IT06RDRN001";"2014-2020";"PROGRAMMI FEASR";"FEASR";"PON";"RETE RURALE NAZIONALE";
"2014TC16I5CB008";"2014-2020";"PROGRAMMI CTE";"CTE";"IPA";"IPA-CBC ITA-ALB-MON";
"2014TC16M4TN001";"2014-2020";"PROGRAMMI CTE";"CTE";"TRANSNATIONAL";"MED";
"2014TC16RFCB020";"2014-2020";"PROGRAMMI CTE";"CTE";"CROSSBORDER";"INTERREG GRE-ITALY";
"2014TC16RFCB033";"2014-2020";"PROGRAMMI CTE";"CTE";"CROSSBORDER";"INTERREG ITA-FRA MARITIME";
"2014TC16RFCB034";"2014-2020";"PROGRAMMI CTE";"CTE";"CROSSBORDER";"INTERREG FR-ITA ALCOTRA";
"2014TC16RFCB035";"2014-2020";"PROGRAMMI CTE";"CTE";"CROSSBORDER";"INTERREG ITA-SWI";
"2014TC16RFCB036";"2014-2020";"PROGRAMMI CTE";"CTE";"CROSSBORDER";"INTERREG ITA-SLO";
"2014TC16RFCB037";"2014-2020";"PROGRAMMI CTE";"CTE";"CROSSBORDER";"INTERREG ITA-MLT";
"2014TC16RFCB042";"2014-2020";"PROGRAMMI CTE";"CTE";"CROSSBORDER";"INTERREG ITA-HRO";
"2014TC16RFCB052";"2014-2020";"PROGRAMMI CTE";"CTE";"CROSSBORDER";"INTERREG ITA-AUS";
"2014TC16RFIR001";"2014-2020";"PROGRAMMI CTE";"CTE";"INTERREGIONAL";"INTERREG EUROPE";
"2014TC16M4TN002";"2014-2020";"PROGRAMMI CTE";"CTE";"TRANSNATIONAL";"ADRION";
"2014TC16RFIR002";"2014-2020";"PROGRAMMI CTE";"CTE";"INTERREGIONAL";"INTERACT";
"2014TC16RFIR003";"2014-2020";"PROGRAMMI CTE";"CTE";"INTERREGIONAL";"URBACT";
"2014TC16RFIR004";"2014-2020";"PROGRAMMI CTE";"CTE";"INTERREGIONAL";"ESPON";
"2014TC16RFTN001";"2014-2020";"PROGRAMMI CTE";"CTE";"TRANSNATIONAL";"ALPINE SPACE";
"2014TC16RFTN003";"2014-2020";"PROGRAMMI CTE";"CTE";"TRANSNATIONAL";"CENTRAL EUROPE";
"AREEINTASSTEC";"2014-2020";"ALTRO";"SNAI";"AREE INTERNE";"SAI ASSISTENZA TECNICA";
"2018AREAINTLIG";"2014-2020";"ALTRO";"SNAI";"AREE INTERNE";"SAI LIGURIA";
"2018AREAINTUMB";"2014-2020";"ALTRO";"SNAI";"AREE INTERNE";"SAI UMBRIA";
"2018AREAINTVALD";"2014-2020";"ALTRO";"SNAI";"AREE INTERNE";"SAI VALLE D'AOSTA";
"2017AREAINTABRU";"2014-2020";"ALTRO";"SNAI";"AREE INTERNE";"SAI ABRUZZO";
"2017AREAINTCAMP";"2014-2020";"ALTRO";"SNAI";"AREE INTERNE";"SAI CAMPANIA";
"2017AREAINTLOMB";"2014-2020";"ALTRO";"SNAI";"AREE INTERNE";"SAI LOMBARDIA";
"2017AREAINTMARC";"2014-2020";"ALTRO";"SNAI";"AREE INTERNE";"SAI MARCHE";
"2014IT14MFOP001";"2014-2020";"ALTRI SIE";"FEAMP";"FEAMP";"PON FEAMP";
"2014IT05FMOP001";"2014-2020";"ALTRI SIE";"FEAD";"FEAD";"PON FEAD";
"2014IT65AMNP001";"2014-2020";"ALTRI SIE";"FAMI";"FAMI";"PON FAMI";
"2007IT001FAOS6";"2007-2013";"PROGRAMMI FSC";"FSC";"OBIETTIVI DI SERVIZIO";"ODS CALABRIA";
"2007IT001FAOS4";"2007-2013";"PROGRAMMI FSC";"FSC";"OBIETTIVI DI SERVIZIO";"ODS PUGLIA";
"2007CB163PO014";"2007-2013";"PROGRAMMI CTE";"CTE";"CTE";"PO CTE FESR SPAZIO ALPINO 2007/2013";
"2007CB163PO033";"2007-2013";"PROGRAMMI CTE";"CTE";"CTE";"PO CTE FESR ITALIA - FRANCIA MARITTIMO";
"2007CB163PO034";"2007-2013";"PROGRAMMI CTE";"CTE";"CTE";"PO CTE FESR ITALIA - FRANCIA ALCOTRA";
"2007CB163PO035";"2007-2013";"PROGRAMMI CTE";"CTE";"CTE";"PO CTE FESR ITALIA - SVIZZERA";
"2007CB163PO036";"2007-2013";"PROGRAMMI CTE";"CTE";"CTE";"PO CTE FESR ITALIA - SLOVENIA";
"2007CB163PO037";"2007-2013";"PROGRAMMI CTE";"CTE";"CTE";"PO CTE FESR ITALIA - MALTA";
"2007CB163PO045";"2007-2013";"PROGRAMMI CTE";"CTE";"CTE";"PO CTE FESR MEDITERRANEO";
"2007CB163PO052";"2007-2013";"PROGRAMMI CTE";"CTE";"CTE";"PO CTE FESR ITALIA - AUSTRIA";
"2007CB163PO061";"2007-2013";"PROGRAMMI CTE";"CTE";"CTE";"PO CTE FESR EUROPA CENTRALE";
"2007CB163PO069";"2007-2013";"PROGRAMMI CTE";"CTE";"CTE";"PO CTE FESR EUROPA SUD-ORIENTALE";
"FSCCOMUNI";"2014-2020";"PROGRAMMI FSC";"FSC";"ALTRO";"RISORSE FSC ASSEGNATE AI COMUNI";"x_CICLO era 2007-2013"
"FSCBOSCOREALE";"2014-2020";"PROGRAMMI FSC";"FSC";"ALTRO";;
"FSCCIVITELLATRO";"2014-2020";"PROGRAMMI FSC";"FSC";"ALTRO";;
"FSCCOMAGEROLA";"2014-2020";"PROGRAMMI FSC";"FSC";"ALTRO";;
"FSCCOMDIAMANTE";"2014-2020";"PROGRAMMI FSC";"FSC";"ALTRO";;
"FSCCOMFUCECCHIO";"2014-2020";"PROGRAMMI FSC";"FSC";"ALTRO";;
"FSCCOMLARIANO";"2014-2020";"PROGRAMMI FSC";"FSC";"ALTRO";;
"FSCCOMLUNANO";"2014-2020";"PROGRAMMI FSC";"FSC";"ALTRO";;
"FSCCOMLUOGOSANT";"2014-2020";"PROGRAMMI FSC";"FSC";"ALTRO";;
"FSCCOMMANTOVA";"2014-2020";"PROGRAMMI FSC";"FSC";"ALTRO";;
"FSCCOMSUTERA";"2014-2020";"PROGRAMMI FSC";"FSC";"ALTRO";;
"FSCCOMUNELURAS";"2014-2020";"PROGRAMMI FSC";"FSC";"ALTRO";;
"FSCCOMUNENARNI";"2014-2020";"PROGRAMMI FSC";"FSC";"ALTRO";;
"FSCCOMUNETODI";"2014-2020";"PROGRAMMI FSC";"FSC";"ALTRO";;
"FSCMARSCIANO";"2014-2020";"PROGRAMMI FSC";"FSC";"ALTRO";;
"FSCCOMCALANGIAN";"2014-2020";"PROGRAMMI FSC";"FSC";"ALTRO";;
"FSCCOMUNEMASSA";"2014-2020";"PROGRAMMI FSC";"FSC";"ALTRO";;
"2007IT052PO009:::2016BOXXXPAC00";"2007-2013";"MISTI";"FSE";"POR";"POR CRO FSE PA BOLZANO:::PROGRAMMA PAC P.A. BOLZANO";"Era FESR a ottobre per errore"
"2007IT051PO001:::2012CAXXXPAC00";"2007-2013";"MISTI";"FSE";"POR";"POR CONV FSE CAMPANIA:::PROGRAMMA PAC CAMPANIA";"Era FESR a ottobre per errore"
"2007IT051PO007:::2007IT001FAOS9";"2007-2013";"MISTI";"FSE";"PON";"PON CONV FSE COMPETENZE PER LO SVILUPPO:::PROGRAMMA OBIETTIVI DI SERVIZIO MIUR";"Era FESR a ottobre per errore"
"2007IT161PO011:::2007SI001FA011";"2007-2013";"MISTI";"FESR";"POR";"POR CONV FESR SICILIA:::PROGRAMMA REGIONALE DI ATTUAZIONE (PRA) FSC SICILIA";
"2007IT161PO012:::2017BAXXXPAC00";"2007-2013";"MISTI";"FESR";"POR";"POR CONV FESR BASILICATA:::PROGRAMMA PAC BASILICATA";
"2007IT161PO009:::2012CAXXXPAC00";"2007-2013";"MISTI";"FESR";"POR";"POR CONV FESR CAMPANIA:::PROGRAMMA PAC CAMPANIA";
"2007IT162PO016:::2012SAXXXPAC00";"2007-2013";"MISTI";"FESR";"POR";"POR CRO FESR SARDEGNA:::PROGRAMMA PAC SARDEGNA";
"2007IT161PO011:::2012SIXXXPAC00";"2007-2013";"MISTI";"FESR";"POR";"POR CONV FESR SICILIA:::PROGRAMMA PAC SICILIA";
"2007IT161PO001:::2012MIBACPAC21";"2007-2013";"MISTI";"FESR";"POIN";"POIN CONV FESR ATTRATTORI CULTURALI, NATURALI E TURISMO:::PROGRAMMA PAC MINISTERO DEI BENI CULTURALI";
"2007IT161PO002:::2012MISE1PAC31";"2007-2013";"MISTI";"FESR";"POIN";"POIN CONV FESR ENERGIE RINNOVABILI E RISPARMIO ENERGETICO:::PROGRAMMA PAC MINISTERO DELLO SVILUPPO ECONOMICO - NUOVE AZIONI E MISURE ANTICICLICHE";
"2007IT161PO003:::2014ACTXXPAC00";"2007-2013";"MISTI";"FESR";"PON";"PON CONV FESR GOVERNANCE E ASSISTENZA TECNICA:::PROGRAMMA PAC COMPLEMENTARE PON GOVERNANCE E ASSISTENZA TECNICA";
"2007IT161PO004:::2007IT001FAOS9";"2007-2013";"MISTI";"FESR";"PON";"PON CONV FESR ISTRUZIONE - AMBIENTI PER L'APPRENDIMENTO:::PROGRAMMA OBIETTIVI DI SERVIZIO MIUR";
"2007IT161PO006:::2012MISE1PAC22";"2007-2013";"MISTI";"FESR";"PON";"PON CONV FESR RICERCA E COMPETITIVITÃ€:::PROGRAMMA PAC MINISTERO DELLO SVILUPPO ECONOMICO - IMPRESE, DOMANDA PUBBLICA E PROMOZIONE";
"2007IT161PO007:::2012MINTXPAC22";"2007-2013";"MISTI";"FESR";"PON";"PON CONV FESR SICUREZZA:::PROGRAMMA PAC MINISTERO DELL'INTERNO - SICUREZZA E LEGALITA'";
"2016PATTICAMP:::2017POIMPCOMFSC";"2014-2020";"MISTI";"FSC";"PIANI OPERATIVI";"PATTO PER LO SVILUPPO REGIONE CAMPANIA:::PIANO OPERATIVO FSC IMPRESE E COMPETITIVITA'";
"2014IT16RFOP003:::2016POCIMPRESE1";"2014-2020";"MISTI";"FESR";"PON";"PON FESR IMPRESE E COMPETITIVITA':::POC IMPRESE E COMPETITIVITA'";
"2014IT16RFOP016:::2016PATTISICI";"2014-2020";"MISTI";"FESR";"POR";"POR FESR SICILIA:::PATTO PER LO SVILUPPO REGIONE SICILIA";
"2015IT16RFSM001:::2017POIMPCOMFSC";"2014-2020";"MISTI";"FESR";"PON";"PON FESR INIZIATIVA PMI:::PIANO OPERATIVO FSC IMPRESE E COMPETITIVITA'";
"2018MATERAFSC";"2014-2020";"PROGRAMMI FSC";"FSC";"PIANI STRALCIO";"MATERA CAPITALE DELLA CULTURA 2019";"new ottobre"
"2014XXSMDFSC004";"2014-2020";"PROGRAMMI FSC";"FSC";"PIANI STRALCIO";"PIANO STRALCIO CIS TARANTO";"new ottobre"
"2014IT16M2OP005:::2017FSCRICERCA";"2014-2020";"MISTI";"FESR";"PON";"PON FESR FSE RICERCA E INNOVAZIONE:::PIANO STRALCIO RICERCA E INNOVAZIONE";"new ottobre + da gestire come FESR-FSE"
"COMMTARANTOFSC";"2014-2020";"PROGRAMMI FSC";"FSC";"PIANI STRALCIO";"CIS AREA DI TARANTO";"new dicembre"
"FONDOGARANFSC";"2014-2020";"PROGRAMMI FSC";"FSC";"ALTRO";"FONDO DI GARANZIA PMI";"new dicembre"
"2014IT16M2OP005:::2017POCRICERCA1";"2014-2020";"MISTI";"FESR";"PON";"PON FESR FSE RICERCA E INNOVAZIONE:::POC RICERCA";"new dicembre post fix"
