OC_CODICE_PROGRAMMA;x_CICLO;x_AMBITO;x_GRUPPO;x_PROGRAMMA;x_REGNAZ;TIPO;NOTE
2014TC16M4TN002;2014-2020;CTE;CTE;ADRION;NAZ;0;
2014TC16RFTN001;2014-2020;CTE;CTE;ALPINE SPACE;NAZ;0;
2014TC16RFTN003;2014-2020;CTE;CTE;CENTRAL EUROPE;NAZ;0;
2014TC16RFIR004;2014-2020;CTE;CTE;ESPON;NAZ;0;
2007CB163PO022;2007-2013;CTE;INTERREGIONAL;ESPON;NAZ;0;
2014TC16RFIR002;2014-2020;CTE;CTE;INTERACT;NAZ;0;
2007CB163PO015;2007-2013;CTE;INTERREGIONAL;INTERACT;NAZ;0;
2014TC16RFIR001;2014-2020;CTE;CTE;INTERREG EUROPE;NAZ;0;
2014TC16RFCB034;2014-2020;CTE;CTE;INTERREG FR-ITA ALCOTRA;NAZ;0;
2014TC16RFCB020;2014-2020;CTE;CTE;INTERREG GRE-ITALY;NAZ;0;
2007CB163PO060;2007-2013;CTE;CROSSBORDER;INTERREG GRE-ITALY;NAZ;0;
2014TC16RFCB052;2014-2020;CTE;CTE;INTERREG ITA-AUS;NAZ;0;
2014TC16RFCB033;2014-2020;CTE;CTE;INTERREG ITA-FRA MARITIME;NAZ;0;
2014TC16RFCB042;2014-2020;CTE;CTE;INTERREG ITA-HRO;NAZ;0;
2014TC16RFCB037;2014-2020;CTE;CTE;INTERREG ITA-MLT;NAZ;0;
2014TC16RFCB036;2014-2020;CTE;CTE;INTERREG ITA-SLO;NAZ;0;
2014TC16RFCB035;2014-2020;CTE;CTE;INTERREG ITA-SWI;NAZ;0;
2007CB16IPO001;2007-2013;CTE;IPA;IPA-ADRIATICO;NAZ;0;
2014TC16I5CB008;2014-2020;CTE;CTE;IPA-CBC ITA-ALB-MON;NAZ;0;
2007CB163PO046;2007-2013;CTE;INTERREGIONAL;IV C;NAZ;0;
2014TC16M4TN001;2014-2020;CTE;CTE;MED;NAZ;0;
2007CB163PO061;2007-2013;CTE;CTE;PO CTE FESR EUROPA CENTRALE;NAZ;0;
2007CB163PO069;2007-2013;CTE;CTE;PO CTE FESR EUROPA SUD-ORIENTALE;NAZ;0;
2007CB163PO052;2007-2013;CTE;CTE;PO CTE FESR ITALIA - AUSTRIA;NAZ;0;
2007CB163PO034;2007-2013;CTE;CTE;PO CTE FESR ITALIA - FRANCIA ALCOTRA;NAZ;0;
2007CB163PO033;2007-2013;CTE;CTE;PO CTE FESR ITALIA - FRANCIA MARITTIMO;NAZ;0;
2007CB163PO037;2007-2013;CTE;CTE;PO CTE FESR ITALIA - MALTA;NAZ;0;
2007CB163PO036;2007-2013;CTE;CTE;PO CTE FESR ITALIA - SLOVENIA;NAZ;0;
2007CB163PO035;2007-2013;CTE;CTE;PO CTE FESR ITALIA - SVIZZERA;NAZ;0;
2007CB163PO045;2007-2013;CTE;CTE;PO CTE FESR MEDITERRANEO;NAZ;0;
2007CB163PO014;2007-2013;CTE;CTE;PO CTE FESR SPAZIO ALPINO 2007/2013;NAZ;0;
2014TC16RFIR003;2014-2020;CTE;CTE;URBACT;NAZ;0;
2007CB163PO048;2007-2013;CTE;INTERREGIONAL;URBACT;NAZ;0;
2007AB002OC001;2000-2006;EXPOC;POC REGIONALI;POC ABRUZZO;ABRUZZO;9;
2011PAC001FS01;2000-2006;EXPOC;POC NAZIONALI;POC AZIONE FERROVIE;NAZ;9;
2007BA001OC012;2000-2006;EXPOC;POC REGIONALI;POC BASILICATA;BASILICATA;9;
2007CL001OC008;2000-2006;EXPOC;POC REGIONALI;POC CALABRIA;CALABRIA;9;
2007CA001OC009;2000-2006;EXPOC;POC REGIONALI;POC CAMPANIA;CAMPANIA;9;
2007EM002OC002;2000-2006;EXPOC;POC REGIONALI;POC EMILIA ROMAGNA;EMILIA-ROMAGNA;9;
2007FR002OC003;2000-2006;EXPOC;POC REGIONALI;POC FRIULI VENEZIA GIULIA;FRIULI-VENEZIA GIULIA;9;
2007LA002OC004;2000-2006;EXPOC;POC REGIONALI;POC LAZIO;LAZIO;9;
2007LI002OC005;2000-2006;EXPOC;POC REGIONALI;POC LIGURIA;LIGURIA;9;
2007LO002OC006;2000-2006;EXPOC;POC REGIONALI;POC LOMBARDIA;LOMBARDIA;9;
2007MA002OC007;2000-2006;EXPOC;POC REGIONALI;POC MARCHE;MARCHE;9;
2007MO002OC008;2000-2006;EXPOC;POC REGIONALI;POC MOLISE;MOLISE;9;
2007BO002OC009;2000-2006;EXPOC;POC REGIONALI;POC P.A. BOLZANO;PA BOLZANO;9;
2007TR002OC010;2000-2006;EXPOC;POC REGIONALI;POC P.A. TRENTO;PA TRENTO;9;
2007PI002OC011;2000-2006;EXPOC;POC REGIONALI;POC PIEMONTE;PIEMONTE;9;
2007PU001OC010;2000-2006;EXPOC;POC REGIONALI;POC PUGLIA;PUGLIA;9;
2007SA002OC016;2000-2006;EXPOC;POC REGIONALI;POC SARDEGNA;SARDEGNA;9;
2007SI001OC011;2000-2006;EXPOC;POC REGIONALI;POC SICILIA;SICILIA;9;
2012NZ000OC001;2000-2006;EXPOC;POC NAZIONALI;POC SICUREZZA;NAZ;9;
2007TO002OC012;2000-2006;EXPOC;POC REGIONALI;POC TOSCANA;TOSCANA;9;
2007UM002OC013;2000-2006;EXPOC;POC REGIONALI;POC UMBRIA;UMBRIA;9;
2007VA002OC014;2000-2006;EXPOC;POC REGIONALI;POC VALLE D'AOSTA;VALLE D'AOSTA;9;
2007VE002OC015;2000-2006;EXPOC;POC REGIONALI;POC VENETO;VENETO;9;
2014IT65AMNP001;2014-2020;FAMI;FAMI;PON FAMI;NAZ;8;aggiunto per futura
2014IT05FMOP001;2014-2020;FEAD;FEAD;PON FEAD;NAZ;8;aggiunto per futura
2014IT14MFOP001;2014-2020;FEAMP;PON;PON FEAMP;NAZ;0;
2014IT06RDRP001;2014-2020;FEASR;POR;PSR ABRUZZO;ABRUZZO;0;
2014IT06RDRP017;2014-2020;FEASR;POR;PSR BASILICATA;BASILICATA;0;
2014IT06RDRP002;2014-2020;FEASR;POR;PSR PA BOLZANO;PA BOLZANO;0;
2014IT06RDRP018;2014-2020;FEASR;POR;PSR CALABRIA;CALABRIA;0;
2014IT06RDRP019;2014-2020;FEASR;POR;PSR CAMPANIA;CAMPANIA;0;
2014IT06RDRP003;2014-2020;FEASR;POR;PSR EMILIA-ROMAGNA;EMILIA-ROMAGNA;0;
2014IT06RDRP004;2014-2020;FEASR;POR;PSR FRIULI-VENEZIA GIULIA;FRIULI-VENEZIA GIULIA;0;
2014IT06RDRP005;2014-2020;FEASR;POR;PSR LAZIO;LAZIO;0;
2014IT06RDRP006;2014-2020;FEASR;POR;PSR LIGURIA;LIGURIA;0;
2014IT06RDRP007;2014-2020;FEASR;POR;PSR LOMBARDIA;LOMBARDIA;0;
2014IT06RDRP008;2014-2020;FEASR;POR;PSR MARCHE;MARCHE;0;
2014IT06RDRP015;2014-2020;FEASR;POR;PSR MOLISE;MOLISE;0;
2014IT06RDRP009;2014-2020;FEASR;POR;PSR PIEMONTE;PIEMONTE;0;
2014IT06RDRP020;2014-2020;FEASR;POR;PSR PUGLIA;PUGLIA;0;
2014IT06RDRP016;2014-2020;FEASR;POR;PSR SARDEGNA;SARDEGNA;0;
2014IT06RDRP021;2014-2020;FEASR;POR;PSR SICILIA;SICILIA;0;
2014IT06RDRP010;2014-2020;FEASR;POR;PSR TOSCANA;TOSCANA;0;
2014IT06RDRP011;2014-2020;FEASR;POR;PSR PA TRENTO;PA TRENTO;0;
2014IT06RDRP012;2014-2020;FEASR;POR;PSR UMBRIA;UMBRIA;0;
2014IT06RDRP013;2014-2020;FEASR;POR;PSR VALLE D'AOSTA;VALLE D'AOSTA;0;
2014IT06RDRP014;2014-2020;FEASR;POR;PSR VENETO;VENETO;0;
2014IT06RDNP001;2014-2020;FEASR;PON;PSR FEASR SVILUPPO RURALE;NAZ;0;
2014IT06RDRN001;2014-2020;FEASR;PON;PSR FEASR RETE RURALE;NAZ;0;
2007IT161PO001;2007-2013;FESR;POIN;POIN ATTRATTORI;NAZ;0;
2007IT161PO001:::2012MIBACPAC21;2007-2013;FESR;POIN;POIN CONV FESR ATTRATTORI CULTURALI, NATURALI E TURISMO:::PROGRAMMA PAC MINISTERO DEI BENI CULTURALI;NAZ;1;
2007IT161PO002:::2012MISE1PAC31;2007-2013;FESR;POIN;POIN CONV FESR ENERGIE RINNOVABILI E RISPARMIO ENERGETICO:::PROGRAMMA PAC MINISTERO DELLO SVILUPPO ECONOMICO - NUOVE AZIONI E MISURE ANTICICLICHE;NAZ;1;
2007IT161PO002;2007-2013;FESR;POIN;POIN ENERGIA;NAZ;0;
2007IT161PO003:::2014ACTXXPAC00;2007-2013;FESR;PON;PON CONV FESR GOVERNANCE E ASSISTENZA TECNICA:::PROGRAMMA PAC COMPLEMENTARE PON GOVERNANCE E ASSISTENZA TECNICA;NAZ;1;
2007IT161PO004:::2007IT001FAOS9;2007-2013;FESR;PON;PON CONV FESR ISTRUZIONE - AMBIENTI PER L'APPRENDIMENTO:::PROGRAMMA OBIETTIVI DI SERVIZIO MIUR;NAZ;1;
2007IT161PO006:::2012MISE1PAC22;2007-2013;FESR;PON;PON CONV FESR RICERCA E COMPETITIVITÀ:::PROGRAMMA PAC MINISTERO DELLO SVILUPPO ECONOMICO - IMPRESE, DOMANDA PUBBLICA E PROMOZIONE;NAZ;1;
2007IT161PO007:::2012MINTXPAC22;2007-2013;FESR;PON;PON CONV FESR SICUREZZA:::PROGRAMMA PAC MINISTERO DELL'INTERNO - SICUREZZA E LEGALITA';NAZ;1;
2014IT16RFOP001;2014-2020;FESR;PON;PON CULTURA;NAZ;0;
2014IT16M2OP005:::2017FSCRICERCA;2014-2020;FESR;PON;PON FESR FSE RICERCA E INNOVAZIONE:::PIANO STRALCIO RICERCA E INNOVAZIONE;NAZ;1;
2014IT16M2OP005:::2017POCRICERCA1;2014-2020;FESR;PON;PON FESR FSE RICERCA E INNOVAZIONE:::POC RICERCA;NAZ;1;
2014IT16RFOP003:::2016POCIMPRESE1;2014-2020;FESR;PON;PON FESR IMPRESE E COMPETITIVITA':::POC IMPRESE E COMPETITIVITA';NAZ;1;
2015IT16RFSM001:::2017POIMPCOMFSC;2014-2020;FESR;PON;PON FESR INIZIATIVA PMI:::PIANO OPERATIVO FSC IMPRESE E COMPETITIVITA';NAZ;1;
2007IT161PO003;2007-2013;FESR;PON;PON GAT;NAZ;0;
2014IT16RFOP003;2014-2020;FESR;PON;PON IMPRESE;NAZ;0;
2014IT16RFOP002;2014-2020;FESR;PON;PON INFRASTRUTTURE;NAZ;0;
2015IT16RFSM001;2014-2020;FESR;PON;PON INIZIATIVA PMI;NAZ;0;
2007IT161PO005;2007-2013;FESR;PON;PON RETI;NAZ;0;
2007IT161PO006;2007-2013;FESR;PON;PON RICERCA;NAZ;0;
2007IT161PO004;2007-2013;FESR;PON;PON SCUOLA;NAZ;0;
2007IT161PO007;2007-2013;FESR;PON;PON SICUREZZA;NAZ;0;
2014IT16RFOP004;2014-2020;FESR;POR;POR ABRUZZO FESR;ABRUZZO;0;
2014IT16RFOP022;2014-2020;FESR;POR;POR BASILICATA FESR;BASILICATA;0;
2014IT16RFOP007;2014-2020;FESR;POR;POR CAMPANIA FESR;CAMPANIA;0;
2007IT161PO012;2007-2013;FESR;POR;POR CONV FESR BASILICATA;BASILICATA;0;
2007IT161PO012:::2017BAXXXPAC00;2007-2013;FESR;POR;POR CONV FESR BASILICATA:::PROGRAMMA PAC BASILICATA;BASILICATA;1;
2007IT161PO008;2007-2013;FESR;POR;POR CONV FESR CALABRIA;CALABRIA;0;
2007IT161PO009;2007-2013;FESR;POR;POR CONV FESR CAMPANIA;CAMPANIA;0;
2007IT161PO009:::2012CAXXXPAC00;2007-2013;FESR;POR;POR CONV FESR CAMPANIA:::PROGRAMMA PAC CAMPANIA;CAMPANIA;1;
2007IT161PO010;2007-2013;FESR;POR;POR CONV FESR PUGLIA;PUGLIA;0;
2007IT161PO011;2007-2013;FESR;POR;POR CONV FESR SICILIA;SICILIA;0;
2007IT161PO011:::2012SIXXXPAC00;2007-2013;FESR;POR;POR CONV FESR SICILIA:::PROGRAMMA PAC SICILIA;SICILIA;1;
2007IT161PO011:::2007SI001FA011;2007-2013;FESR;POR;POR CONV FESR SICILIA:::PROGRAMMA REGIONALE DI ATTUAZIONE (PRA) FSC SICILIA;SICILIA;1;
2007IT162PO001;2007-2013;FESR;POR;POR CRO FESR ABRUZZO;ABRUZZO;0;
2007IT162PO002;2007-2013;FESR;POR;POR CRO FESR EMILIA ROMAGNA;EMILIA-ROMAGNA;0;
2007IT162PO003;2007-2013;FESR;POR;POR CRO FESR FRIULI VENEZIA GIULIA;FRIULI-VENEZIA GIULIA;0;
2007IT162PO004;2007-2013;FESR;POR;POR CRO FESR LAZIO;LAZIO;0;
2007IT162PO005;2007-2013;FESR;POR;POR CRO FESR LIGURIA;LIGURIA;0;
2007IT162PO006;2007-2013;FESR;POR;POR CRO FESR LOMBARDIA;LOMBARDIA;0;
2007IT162PO007;2007-2013;FESR;POR;POR CRO FESR MARCHE;MARCHE;0;
2007IT162PO008;2007-2013;FESR;POR;POR CRO FESR MOLISE;MOLISE;0;
2007IT162PO009;2007-2013;FESR;POR;POR CRO FESR PA BOLZANO;PA BOLZANO;0;
2007IT162PO010;2007-2013;FESR;POR;POR CRO FESR PA TRENTO;PA TRENTO;0;
2007IT162PO011;2007-2013;FESR;POR;POR CRO FESR PIEMONTE;PIEMONTE;0;
2007IT162PO016;2007-2013;FESR;POR;POR CRO FESR SARDEGNA;SARDEGNA;0;
2007IT162PO016:::2012SAXXXPAC00;2007-2013;FESR;POR;POR CRO FESR SARDEGNA:::PROGRAMMA PAC SARDEGNA;SARDEGNA;1;
2007IT162PO012;2007-2013;FESR;POR;POR CRO FESR TOSCANA;TOSCANA;0;
2007IT162PO013;2007-2013;FESR;POR;POR CRO FESR UMBRIA;UMBRIA;0;
2007IT162PO014;2007-2013;FESR;POR;POR CRO FESR VALLE D'AOSTA;VALLE D'AOSTA;0;
2007IT162PO015;2007-2013;FESR;POR;POR CRO FESR VENETO;VENETO;0;
2014IT16RFOP008;2014-2020;FESR;POR;POR EMILIA-ROMAGNA FESR;EMILIA-ROMAGNA;0;
2014IT16RFOP016:::2016PATTISICI;2014-2020;FESR;POR;POR FESR SICILIA:::PATTO PER LO SVILUPPO REGIONE SICILIA;SICILIA;1;
2014IT16RFOP009;2014-2020;FESR;POR;POR FRIULI-VENEZIA GIULIA FESR;FRIULI-VENEZIA GIULIA;0;
2014IT16RFOP010;2014-2020;FESR;POR;POR LAZIO FESR;LAZIO;0;
2014IT16RFOP011;2014-2020;FESR;POR;POR LIGURIA FESR;LIGURIA;0;
2014IT16RFOP012;2014-2020;FESR;POR;POR LOMBARDIA FESR;LOMBARDIA;0;
2014IT16RFOP013;2014-2020;FESR;POR;POR MARCHE FESR;MARCHE;0;
2014IT16RFOP005;2014-2020;FESR;POR;POR PA BOLZANO FESR;PA BOLZANO;0;
2014IT16RFOP018;2014-2020;FESR;POR;POR PA TRENTO FESR;PA TRENTO;0;
2014IT16RFOP014;2014-2020;FESR;POR;POR PIEMONTE FESR;PIEMONTE;0;
2014IT16RFOP015;2014-2020;FESR;POR;POR SARDEGNA FESR;SARDEGNA;0;
2014IT16RFOP016;2014-2020;FESR;POR;POR SICILIA FESR;SICILIA;0;
2014IT16RFOP017;2014-2020;FESR;POR;POR TOSCANA FESR;TOSCANA;0;
2014IT16RFOP019;2014-2020;FESR;POR;POR UMBRIA FESR;UMBRIA;0;
2014IT16RFOP020;2014-2020;FESR;POR;POR VALLE D'AOSTA FESR;VALLE D'AOSTA;0;
2014IT16RFOP021;2014-2020;FESR;POR;POR VENETO FESR;VENETO;0;
2007IT161PO001:::2012MISE1PAC21;2007-2013;FESR;PON;POIN CONV FESR ATTRATTORI CULTURALI, NATURALI E TURISMO:::PAC MISE - DGIAI - AUTOIMPIEGO E AUTOIMPRENDITORIALITÃÂ ;NAZ;1;
2007IT161PO005:::2012MITXXPAC32;2007-2013;FESR;PON;PON CONV FESR RETI E MOBILITA':::PAC MINISTERO DELLE INFRASTRUTTURE E TRASPORTI  SALVAGUARDIA INTERVENTI;NAZ;1;
2007IT161PO006:::2007IT001FA005;2007-2013;FESR;PON;PON CONV FESR RICERCA E COMPETITIVITA':::P.A. DIRETTRICI FERROVIARIE;NAZ;1;
2007IT161PO006:::2012MISE1PAC21;2007-2013;FESR;PON;PON CONV FESR RICERCA E COMPETITIVITA':::PAC MISE - DGIAI - AUTOIMPIEGO E AUTOIMPRENDITORIALITÃÂ;NAZ;1;
2007IT161PO006:::2012MIURXPAC21;2007-2013;FESR;PON;PON RICERCA:::PAC MIUR;NAZ;1;
2007IT161PO007:::2012MINTXPAC22:::2012NZ000OC001;2007-2013;FESR;PON;PON CONV FESR SICUREZZA:::PAC MINISTERO DELL'INTERNO - PIANO AZIONE GIOVANI SICUREZZA E LEGALITA' :::POC SICUREZZA;NAZ;1;
2007IT161PO007:::2012NZ000OC001;2007-2013;FESR;PON;PON CONV FESR SICUREZZA:::POC SICUREZZA;NAZ;1;
2007IT162PO008:::2014MOXXXPAC00;2007-2013;FESR;POR;POR CRO  FESR MOLISE:::PAC MOLISE;MOLISE;1;
2007IT162PO012:::2007TO003FA012;2007-2013;FESR;POR;POR CRO  FESR TOSCANA:::P.A. FAS TOSCANA;TOSCANA;1;
2014IT05M2OP002:::2017POCGOVERN01;2014-2020;FESR;PON;PON GOVERNANCE:::POC GOVERNANCE;NAZ;1;ATTENZIONE: x_AMBITO era FESR-FSE
2014IT16RFOP003:::2017POIMPCOMFSC;2014-2020;FESR;PON;PON IMPRESE:::PIANO OPERATIVO FSC IMPRESE E COMPETITIVITA';NAZ;1;
2014IT16RFOP003:::2014IT16RFOP007;2014-2020;FESR;PON;PON FESR IMPRESE E COMPETITIVITA':::POR FESR CAMPANIA;NAZ;1;
2014IT16RFOP010:::2017POIMPCOMFSC;2014-2020;FESR;POR;POR FESR LAZIO:::PIANO OPERATIVO FSC IMPRESE E COMPETITIVITA';LAZIO;1;
2007IT161PO001:::2012MISE1PAC22;2007-2013;FESR;PON-POIN;POIN ATTRATTORI:::PAC MISE IMPRESE, DOMANDA PUBBLICA E PROMOZIONE;NAZ;1;
2014IT16RFOP007:::2016PATTICAMP;2014-2020;FESR;POR;POR FESR CAMPANIA:::PATTO CAMPANIA;CAMPANIA;1;
2014IT16RFOP022:::POCBASILICATA;2014-2020;FESR;POR;POR BASILICATA FESR;BASILICATA;1;
2014IT05M2OP002;2014-2020;FESR-FSE;PON;PON GOVERNANCE;NAZ;0;
2014IT16M2OP003;2014-2020;FESR-FSE;PON;PON LEGALITA';NAZ;0;
2014IT16M2OP004;2014-2020;FESR-FSE;PON;PON METRO;NAZ;0;
2014IT16M2OP005;2014-2020;FESR-FSE;PON;PON RICERCA;NAZ;0;
2014IT05M2OP001;2014-2020;FESR-FSE;PON;PON SCUOLA;NAZ;0;
2014IT16M2OP006;2014-2020;FESR-FSE;POR;POR CALABRIA FESR-FSE;CALABRIA;0;
2014IT16M2OP001;2014-2020;FESR-FSE;POR;POR MOLISE FESR-FSE;MOLISE;0;
2014IT16M2OP002;2014-2020;FESR-FSE;POR;POR PUGLIA FESR-FSE;PUGLIA;0;
2014IT16M2OP002:::2016PATTIPUG;2014-2020;FESR-FSE;POR;POR PUGLIA FESR FSE:::PATTO PUGLIA;PUGLIA;1;ATTENZIONE: x_AMBITO era inizialmente FESR-FSE ma durante le elaborazioni per art. 44 era passato a FESR
FSC_1420_CDD_04;2014-2020;FSC;ALTRO_LEX;AUTOSTRADA A24-A25;NAZ;4;
FSC_1420_CDD_10;2014-2020;FSC;ALTRO_LEX;ALLUVIONE SARDEGNA;NAZ;4;
2017AUTOIMPIEG;2014-2020;FSC;ALTRO;AUTOIMPIEGO;NAZ;0;Era: vuoto30
FSC_1420_CDD_07;2014-2020;FSC;ALTRO;AZIONI DI SISTEMA;NAZ;4;
FSC_1420_CDD_09;2014-2020;FSC;ALTRO_LEX;BANDO AREE URBANE DEGRADATE;NAZ;4;
FSCPERIFERIE;2014-2020;FSC;ALTRO_LEX;BANDO SICUREZZA PERIFERIE;NAZ;4;
2018CAPCULTFSC;2014-2020;FSC;ALTRO_LEX;CAPITALI ITALIANE DELLA CULTURA;NAZ;0;
COMMTARANTOFSC;2014-2020;FSC;ALTRO;CIS AREA DI TARANTO;NAZ;8;Verificare se va accorpato a CIS Taranto
2016XXPCMFSC002;2014-2020;FSC;ALTRO;CITTADELLA GIUDIZIARIA DI SALERNO;NAZ;0;
2017NAPOLI-POZZ;2007-2013;FSC;FONDI;COLLEGAMENTO PORTO DI POZZUOLI;NAZ;0;Monitorato su BDU 2014-2020
2007IT005FAMAC;2007-2013;FSC;OPCM;COMPENSAZIONI AMBIENTALI CAMPANIA;CAMPANIA;0;
2007AN0021FA01;2007-2013;FSC;PRA;COMPLETAMENTO SALERNO-REGGIO CALABRIA;NAZ;0;
2015MSIAIFSC011;2014-2020;FSC;ALTRO;CONTRATTI DI SVILUPPO;NAZ;0;
2019AGCOEFSC001;2014-2020;FSC;CPT;CPT;NAZ;0;
FSC_1420_CDD_25;2014-2020;FSC;ALTRO_LEX;CREDITO D'IMPOSTA INVESTIMENTI;NAZ;4;
FSC_1420_CDD_05;2014-2020;FSC;ALTRO;EDIFICI SCOLASTICI STATALI;NAZ;4;
FSC_1420_CDD_03;2014-2020;FSC;ALTRO_LEX;EVENTI CALAMITOSI 2009;NAZ;4;
FONDOGARANFSC;2014-2020;FSC;ALTRO;FONDO DI GARANZIA PMI;NAZ;0;
FSC_1420_CDD_20;2014-2020;FSC;ALTRO;FONDO DI GARANZIA PMI (RIDUZIONE);NAZ;4;
FSC_1420_CDD_26;2014-2020;FSC;ALTRO_LEX;FONDO IMPRESE SUD PMI;NAZ;4;
2018FSCGIOVIMP;2014-2020;FSC;ALTRO_LEX;RESTO AL SUD;NAZ;0;
33;2000-2006;FSC;APQ;IIP FAS ABRUZZO;ABRUZZO;0;
37;2000-2006;FSC;APQ;IIP FAS BASILICATA;BASILICATA;0;
38;2000-2006;FSC;APQ;IIP FAS CALABRIA;CALABRIA;0;
35;2000-2006;FSC;APQ;IIP FAS CAMPANIA;CAMPANIA;0;
28;2000-2006;FSC;APQ;IIP FAS EMILIA ROMAGNA;EMILIA-ROMAGNA;0;
26;2000-2006;FSC;APQ;IIP FAS FRIULI-VENEZIA GIULIA;FRIULI-VENEZIA GIULIA;0;
42;2000-2006;FSC;APQ;IIP FAS INTESA NON FORMALIZZATA;NAZ;0;
32;2000-2006;FSC;APQ;IIP FAS LAZIO;LAZIO;0;
27;2000-2006;FSC;APQ;IIP FAS LIGURIA;LIGURIA;0;
1;2000-2006;FSC;APQ;IIP FAS LOMBARDIA;LOMBARDIA;0;
4;2000-2006;FSC;APQ;IIP FAS MARCHE;MARCHE;0;
34;2000-2006;FSC;APQ;IIP FAS MOLISE;MOLISE;0;
50;2000-2006;FSC;APQ;IIP FAS MULTIREGIONALE;NAZ;0;
41;2000-2006;FSC;APQ;IIP FAS P.A. BOLZANO;PA BOLZANO;0;
40;2000-2006;FSC;APQ;IIP FAS P.A. TRENTO;PA TRENTO;0;
21;2000-2006;FSC;APQ;IIP FAS PIEMONTE;PIEMONTE;0;
36;2000-2006;FSC;APQ;IIP FAS PUGLIA;PUGLIA;0;
5;2000-2006;FSC;APQ;IIP FAS SARDEGNA;SARDEGNA;0;
39;2000-2006;FSC;APQ;IIP FAS SICILIA;SICILIA;0;
2;2000-2006;FSC;APQ;IIP FAS TOSCANA;TOSCANA;0;
3;2000-2006;FSC;APQ;IIP FAS UMBRIA;UMBRIA;0;
22;2000-2006;FSC;APQ;IIP FAS VALLE D'AOSTA;VALLE D'AOSTA;0;
25;2000-2006;FSC;APQ;IIP FAS VENETO;VENETO;0;
FSC_1420_CDD_02;2014-2020;FSC;ALTRO_LEX;ILVA;NAZ;4;
FSCRESTOSUDAGR;2014-2020;FSC;ALTRO_LEX;IMPRENDITORIA GIOVANILE AGRICOLTURA;NAZ;4;
2016PCDPCFSC005;2014-2020;FSC;ALTRO_LEX;ISTITUTI STUDI STORICI E FILOSOFICI NAPOLI;NAZ;4;
2015PCDPCFSC018;2014-2020;FSC;ALTRO;LAMPEDUSA;NAZ;4;
2012XMITRFSC005;2007-2013;FSC;CHK;LINEA METROPOLITANA DI MILANO M5;NAZ;0;Censito in tab di contesto in BDU 2014-2020
2018MATERAFSC;2014-2020;FSC;ALTRO;MATERA CAPITALE DELLA CULTURA 2019;NAZ;0;
2016MEFDTFSC001;2014-2020;FSC;ALTRO_LEX;METANIZZAZIONE MEZZOGIORNO;NAZ;4;
FSCMUSEOTERME;2007-2013;FSC;ALTRO;MUSEO DELLE TERME DI MONTECATINI;NAZ;0;
2007IT001FAOS1;2007-2013;FSC;ODS;ODS ABRUZZO;ABRUZZO;0;
2007IT001FAOS5;2007-2013;FSC;ODS;ODS BASILICATA;BASILICATA;0;
2007IT001FAOS6;2007-2013;FSC;ODS;ODS CALABRIA;CALABRIA;0;
2007IT001FAOS3;2007-2013;FSC;ODS;ODS CAMPANIA;CAMPANIA;0;
2007IT001FAOS9;2007-2013;FSC;ODS;ODS MIUR;NAZ;0;
2007IT001FAOS2;2007-2013;FSC;ODS;ODS MOLISE;MOLISE;0;
2007IT001FAOS4;2007-2013;FSC;ODS;ODS PUGLIA;PUGLIA;0;
2007IT001FAOS8;2007-2013;FSC;ODS;ODS SARDEGNA;SARDEGNA;0;
2007IT001FAOS7;2007-2013;FSC;ODS;ODS SICILIA;SICILIA;0;
2007LA002FA004;2007-2013;FSC;REG;PA LAZIO;LAZIO;0;
2007IT003FA001;2007-2013;FSC;CHK;PA MIT DGES;NAZ;0;
2007IT003FA002;2007-2013;FSC;CHK;PA MIT STM;NAZ;0;
2007IT001FA004;2007-2013;FSC;ALTRO;PA SICUREZZA EDIFICI SCOLASTICI;NAZ;0;
2017PALGIURCFSC;2014-2020;FSC;ALTRO;PALAZZO DI GIUSTIZIA DI REGGIO CALABRIA;NAZ;0;
2007IT001FA006;2007-2013;FSC;CHK;PAN RICERCA E COMPETITIVITA';NAZ;9;
2007AB002FA001;2007-2013;FSC;PAR;PAR FSC ABRUZZO;ABRUZZO;0;
2007EM002FA002;2007-2013;FSC;PAR;PAR FSC EMILIA ROMAGNA;EMILIA-ROMAGNA;0;
2007FR002FA003;2007-2013;FSC;PAR;PAR FSC FRIULI VENEZIA GIULIA;FRIULI-VENEZIA GIULIA;0;
2007LI002FA005;2007-2013;FSC;PAR;PAR FSC LIGURIA;LIGURIA;0;
2007LO002FA006;2007-2013;FSC;PAR;PAR FSC LOMBARDIA;LOMBARDIA;0;
2007MA002FA007;2007-2013;FSC;PAR;PAR FSC MARCHE;MARCHE;0;
2007MO002FA009;2007-2013;FSC;PAR;PAR FSC MOLISE;MOLISE;0;
2007TR002FA010;2007-2013;FSC;PAR;PAR FSC P.A. TRENTO;PA TRENTO;0;
2007BO002FA009;2007-2013;FSC;PAR;PAR FSC PA BOLZANO;PA BOLZANO;0;
2007PI002FA011;2007-2013;FSC;PAR;PAR FSC PIEMONTE;PIEMONTE;0;
2007TO003FA012;2007-2013;FSC;PAR;PAR FSC TOSCANA;TOSCANA;0;
2007TO002FA012;2007-2013;FSC;CHK;PAR FSC TOSCANA;TOSCANA;9;
2007UM002FA013;2007-2013;FSC;PAR;PAR FSC UMBRIA;UMBRIA;0;
2007VA002FA014;2007-2013;FSC;PAR;PAR FSC VALLE D'AOSTA;VALLE D'AOSTA;0;
2007VE002FA015;2007-2013;FSC;PAR;PAR FSC VENETO;VENETO;0;
2007SI002FAPA1;2007-2013;FSC;ALTRO;PAS COMUNE DI PALERMO;NAZ;0;
2007IT002FA030;2007-2013;FSC;FONDI;PAS RI.MED.;NAZ;0;
2007EM002FA003;2007-2013;FSC;SISMA;PAS RICOSTRUZIONE EMILIA-ROMAGNA;EMILIA-ROMAGNA;0;
2007IT004FABC1;2007-2013;FSC;ALTRO;PAS SEDI MUSEALI NAZIONALI;NAZ;0;
2016PATTIABR;2014-2020;FSC;PATTI;PATTO ABRUZZO;ABRUZZO;0;
2016PATTIBARI;2014-2020;FSC;PATTI;PATTO BARI;PUGLIA;0;
2016PATTIBASIL;2014-2020;FSC;PATTI;PATTO BASILICATA;BASILICATA;0;
2018POFSCBO;2014-2020;FSC;PATTI;PATTO BOLOGNA;EMILIA-ROMAGNA;0;
2016PATTICAGL;2014-2020;FSC;PATTI;PATTO CAGLIARI;SARDEGNA;0;
2016PATTICAL;2014-2020;FSC;PATTI;PATTO CALABRIA;CALABRIA;0;
2016PATTICAMP;2014-2020;FSC;PATTI;PATTO CAMPANIA;CAMPANIA;0;
2016PATTICAT;2014-2020;FSC;PATTI;PATTO CATANIA;SICILIA;0;
2018POFSCEMROM;2014-2020;FSC;PATTI;PATTO EMILIA-ROMAGNA;EMILIA-ROMAGNA;0;
2016PATTIFIR;2014-2020;FSC;PATTI;PATTO FIRENZE;TOSCANA;0;
2016PATTIGEN;2014-2020;FSC;PATTI;PATTO GENOVA;LIGURIA;0;
2016PATTILAZ;2014-2020;FSC;PATTI;PATTO LAZIO;LAZIO;0;
2016PATTILOMB;2014-2020;FSC;PATTI;PATTO LOMBARDIA;LOMBARDIA;0;
2016PATTIMES;2014-2020;FSC;PATTI;PATTO MESSINA;SICILIA;0;
2016PATTIMIL;2014-2020;FSC;PATTI;PATTO MILANO;LOMBARDIA;0;
2016PATTIMOL;2014-2020;FSC;PATTI;PATTO MOLISE;MOLISE;0;
2016PATTINAP;2014-2020;FSC;PATTI;PATTO NAPOLI;CAMPANIA;0;
2016PATTIPAL;2014-2020;FSC;PATTI;PATTO PALERMO;SICILIA;0;
2016PATTICAMP:::2017POIMPCOMFSC;2014-2020;FSC;PIANI;PATTO CAMPANIA + PIANO FSC IMPRESE E COMPETITIVITA';CAMPANIA;1;
2016PATTIPUG;2014-2020;FSC;PATTI;PATTO PUGLIA;PUGLIA;0;
2016PATTIRC;2014-2020;FSC;PATTI;PATTO REGGIO CALABRIA;CALABRIA;0;
2016PATTISARD;2014-2020;FSC;PATTI;PATTO SARDEGNA;SARDEGNA;0;
2016PATTISICI;2014-2020;FSC;PATTI;PATTO SICILIA;SICILIA;0;
2016PATTIVEN;2014-2020;FSC;PATTI;PATTO VENEZIA;VENETO;0;
2016MISEBULFSC1;2014-2020;FSC;PIANI;PIANO FSC BANDA ULTRA LARGA;NAZ;0;
2007PB006MA025;2007-2013;FSC;CHK;PIANO DISCARICHE ABRUZZO;ABRUZZO;9;
2007PB006MA022;2007-2013;FSC;CHK;PIANO DISCARICHE PUGLIA;PUGLIA;9;
2007PB006MA024;2007-2013;FSC;CHK;PIANO DISCARICHE SICILIA;SICILIA;9;
2007PB006MA023;2007-2013;FSC;FONDI;PIANO DISCARICHE VENETO;VENETO;0;
2017POAGRICOFSC;2014-2020;FSC;PIANI;PIANO FSC AGRICOLTURA;NAZ;0;
2017POAMBIENFSC;2014-2020;FSC;PIANI;PIANO FSC AMBIENTE;NAZ;0;
2017POIMPCOMFSC;2014-2020;FSC;PIANI;PIANO FSC IMPRESE E COMPETITIVITA';NAZ;0;
2017POINFRASFSC;2014-2020;FSC;PIANI;PIANO FSC INFRASTRUTTURE;NAZ;0;
2018POSALUTEFSC;2014-2020;FSC;PIANI;PIANO FSC SALUTE;NAZ;0;
POSPORTFSC;2014-2020;FSC;PIANI;PIANO FSC SPORT E PERIFERIE;NAZ;0;
2015XMINTFSC016;2007-2013;FSC;ALTRO;PIANO SICUREZZA URBANA ROMA;NAZ;0;Monitorato su BDU 2014-2020
2014XXSMDFSC004;2014-2020;FSC;ALTRO;PIANO STRALCIO CIS TARANTO;NAZ;8;Verificare se va accorpato a CIS Taranto
2016MBCSGFSC006;2014-2020;FSC;PIANI;PIANO FSC CULTURA E TURISMO;NAZ;0;Era “piano stralcio”
2016ABAMPSAP01;2014-2020;FSC;PIANI;PIANO DISSESTO IDROGEOLOGICO – ABRUZZO;NAZ;3;Accorpato
2016EMAMPSAP02;2014-2020;FSC;PIANI;PIANO DISSESTO IDROGEOLOGICO – EMILIA ROMAGNA;NAZ;3;Accorpato
2016LIAMPSAP03;2014-2020;FSC;PIANI;PIANO DISSESTO IDROGEOLOGICO – LIGURIA;NAZ;3;Accorpato
2016LOAMPSAP06;2014-2020;FSC;PIANI;PIANO DISSESTO IDROGEOLOGICO – LOMBARDIA;NAZ;3;Accorpato
2016SAAMPSAP04;2014-2020;FSC;PIANI;PIANO DISSESTO IDROGEOLOGICO – SARDEGNA;NAZ;3;Accorpato
2016TOAMPSAP05;2014-2020;FSC;PIANI;PIANO DISSESTO IDROGEOLOGICO – TOSCANA;NAZ;3;Accorpato
2016VEAMPSAP07;2014-2020;FSC;PIANI;PIANO DISSESTO IDROGEOLOGICO – VENETO;NAZ;3;Accorpato
2017FSCRICERCA;2014-2020;FSC;PIANI;PIANO FSC RICERCA E INNOVAZIONE;NAZ;0;Era “piano stralcio”
2017PPORTTARFSC;2007-2013;FSC;FONDI;PIASTRA PORTUALE DI TARANTO;NAZ;1;Fa parte di CIS Taranto, proviene da Fondo Infrastrutture
2007IT001FA003;2007-2013;FSC;ALTRO;PNA DA EXPO AI TERRITORI;NAZ;0;
2007IT006FISMA;2007-2013;FSC;ALTRO;PNA NUOVA IMPRENDITORIALITA' AGRICOLA;NAZ;0;
2007IT004FAMA1;2007-2013;FSC;FONDI;PNA RISANAMENTO AMBIENTALE;NAZ;0;
FSC_1420_CDD_08;2014-2020;FSC;ALTRO;POLI TECNOLOGICI CENTRO-NORD;NAZ;4;
DARSLIVORNOFSC;2014-2020;FSC;ALTRO;PORTO DI LIVORNO;NAZ;4;era FSC_1420_CDD_11
2007AB003FA001;2007-2013;FSC;PRA;PRA ABRUZZO;ABRUZZO;0;
2007BA001FA012;2007-2013;FSC;PRA;PRA BASILICATA;BASILICATA;0;
2007CL001FA008;2007-2013;FSC;PRA;PRA CALABRIA;CALABRIA;0;
2007CA001FA009;2007-2013;FSC;PRA;PRA CAMPANIA;CAMPANIA;0;
2007SI001FA011;2007-2013;FSC;PRA;PRA FSC SICILIA;SICILIA;0;
2007MO002FA008;2007-2013;FSC;PRA;PRA MOLISE;MOLISE;0;
2007PU001FA010;2007-2013;FSC;PRA;PRA PUGLIA;PUGLIA;0;
2007SA002FA016;2007-2013;FSC;PRA;PRA SARDEGNA;SARDEGNA;0;
2015MBACTFSC017;2014-2020;FSC;ALTRO;PROGRAMMA SENSI CONTEMPORANEI;NAZ;0;
2015XXXABPSO002;2014-2020;FSC;PIANI;PIANO DISSESTO IDROGEOLOGICO – FONDO PROGETTAZIONE – ABRUZZO;NAZ;3;Accorpati in 2015XXXXXPSO000
2015XXXBAPSO003;2014-2020;FSC;PIANI;PIANO DISSESTO IDROGEOLOGICO – FONDO PROGETTAZIONE – BASILICATA;NAZ;3;Accorpati in 2015XXXXXPSO000
2015XXXCLPSO004;2014-2020;FSC;PIANI;PIANO DISSESTO IDROGEOLOGICO – FONDO PROGETTAZIONE – CALABRIA;NAZ;3;Accorpati in 2015XXXXXPSO000
2015XXXCAPSO005;2014-2020;FSC;PIANI;PIANO DISSESTO IDROGEOLOGICO – FONDO PROGETTAZIONE – CAMPANIA;NAZ;3;Accorpati in 2015XXXXXPSO000
2015XXXEMPSO006;2014-2020;FSC;PIANI;PIANO DISSESTO IDROGEOLOGICO – FONDO PROGETTAZIONE – EMILIA ROMAGNA;NAZ;3;Accorpati in 2015XXXXXPSO000
2015XXXFRPSO007;2014-2020;FSC;PIANI;PIANO DISSESTO IDROGEOLOGICO – FONDO PROGETTAZIONE – FRIULI VENEZIA GIULIA;NAZ;3;Accorpati in 2015XXXXXPSO000
2015XXXLAPSO008;2014-2020;FSC;PIANI;PIANO DISSESTO IDROGEOLOGICO – FONDO PROGETTAZIONE – LAZIO;NAZ;3;Accorpati in 2015XXXXXPSO000
2015XXXLIPSO009;2014-2020;FSC;PIANI;PIANO DISSESTO IDROGEOLOGICO – FONDO PROGETTAZIONE – LIGURIA;NAZ;3;Accorpati in 2015XXXXXPSO000
2015XXXLOPSO010;2014-2020;FSC;PIANI;PIANO DISSESTO IDROGEOLOGICO – FONDO PROGETTAZIONE – LOMBARDIA;NAZ;3;Accorpati in 2015XXXXXPSO000
2015XXXMAPSO011;2014-2020;FSC;PIANI;PIANO DISSESTO IDROGEOLOGICO – FONDO PROGETTAZIONE – MARCHE;NAZ;3;Accorpati in 2015XXXXXPSO000
2015XXXMOPSO012;2014-2020;FSC;PIANI;PIANO DISSESTO IDROGEOLOGICO – FONDO PROGETTAZIONE – MOLISE;NAZ;3;Accorpati in 2015XXXXXPSO000
2015XXXBOPSO013;2014-2020;FSC;PIANI;PIANO DISSESTO IDROGEOLOGICO – FONDO PROGETTAZIONE – P.A. BOLZANO;NAZ;3;Accorpati in 2015XXXXXPSO000
2015XXXTRPSO014;2014-2020;FSC;PIANI;PIANO DISSESTO IDROGEOLOGICO – FONDO PROGETTAZIONE – P.A. TRENTO;NAZ;3;Accorpati in 2015XXXXXPSO000
2015XXXPIPSO015;2014-2020;FSC;PIANI;PIANO DISSESTO IDROGEOLOGICO – FONDO PROGETTAZIONE – PIEMONTE;NAZ;3;Accorpati in 2015XXXXXPSO000
2015XXXPUPSO016;2014-2020;FSC;PIANI;PIANO DISSESTO IDROGEOLOGICO – FONDO PROGETTAZIONE – PUGLIA;NAZ;3;Accorpati in 2015XXXXXPSO000
2015XXXSAPSO017;2014-2020;FSC;PIANI;PIANO DISSESTO IDROGEOLOGICO – FONDO PROGETTAZIONE – SARDEGNA;NAZ;3;Accorpati in 2015XXXXXPSO000
2015XXXSIPSO001;2014-2020;FSC;PIANI;PIANO DISSESTO IDROGEOLOGICO – FONDO PROGETTAZIONE – SICILIA;NAZ;3;Accorpati in 2015XXXXXPSO000
2015XXXTOPSO018;2014-2020;FSC;PIANI;PIANO DISSESTO IDROGEOLOGICO – FONDO PROGETTAZIONE – TOSCANA;NAZ;3;Accorpati in 2015XXXXXPSO000
2015XXXUMPSO019;2014-2020;FSC;PIANI;PIANO DISSESTO IDROGEOLOGICO – FONDO PROGETTAZIONE – UMBRIA;NAZ;3;Accorpati in 2015XXXXXPSO000
2015XXXVAPSO020;2014-2020;FSC;PIANI;PIANO DISSESTO IDROGEOLOGICO – FONDO PROGETTAZIONE - VALLE D'AOSTA;NAZ;3;Accorpati in 2015XXXXXPSO000
2015XXXVEPSO021;2014-2020;FSC;PIANI;PIANO DISSESTO IDROGEOLOGICO – FONDO PROGETTAZIONE - VENETO;NAZ;3;Accorpati in 2015XXXXXPSO000
2007PI004MA002;2007-2013;FSC;CHK;PS RISORSA IDRICA ABRUZZO;NAZ;0;Sarebbe 2000-2006
2007PI004MA013;2007-2013;FSC;CHK;PS RISORSA IDRICA EMILIA ROMAGNA;NAZ;0;Sarebbe 2000-2006
2007PI004MA011;2007-2013;FSC;CHK;PS RISORSA IDRICA FRIULI VENEZIA GIULIA;NAZ;0;Sarebbe 2000-2006
2007PI004MA004;2007-2013;FSC;CHK;PS RISORSA IDRICA LAZIO;NAZ;0;Sarebbe 2000-2006
2007PI004MA008;2007-2013;FSC;CHK;PS RISORSA IDRICA LIGURIA;NAZ;0;Sarebbe 2000-2006
2007PI004MA003;2007-2013;FSC;CHK;PS RISORSA IDRICA LOMBARDIA;NAZ;0;Sarebbe 2000-2006
2007PI004MA007;2007-2013;FSC;CHK;PS RISORSA IDRICA MARCHE;NAZ;0;Sarebbe 2000-2006
2007PI004MA005;2007-2013;FSC;CHK;PS RISORSA IDRICA MOLISE;NAZ;0;Sarebbe 2000-2006
2007PI004MA014;2007-2013;FSC;CHK;PS RISORSA IDRICA PA TRENTO;NAZ;0;Sarebbe 2000-2006
2007PI004MA012;2007-2013;FSC;CHK;PS RISORSA IDRICA PA UMBRIA;NAZ;0;Sarebbe 2000-2006
2007PI004MA001;2007-2013;FSC;CHK;PS RISORSA IDRICA PIEMONTE;NAZ;0;Sarebbe 2000-2006
2007PI004MA010;2007-2013;FSC;CHK;PS RISORSA IDRICA TOSCANA;NAZ;0;Sarebbe 2000-2006
2007PI004MA006;2007-2013;FSC;CHK;PS RISORSA IDRICA VALLE D'AOSTA;NAZ;0;Sarebbe 2000-2006
2007PI004MA009;2007-2013;FSC;CHK;PS RISORSA IDRICA VENETO;NAZ;0;Sarebbe 2000-2006
FSCCOMUNI;2007-2013;FSC;ALTRO;RISORSE FSC ASSEGNATE AI COMUNI;NAZ;5;Monitorato su BDU 2014-2020. Unione post accorpamento
FSC_1420_CDD_17;2014-2020;FSC;ALTRO_LEX;SICUREZZA PUBBLICA;NAZ;4;
FSC_1420_CDD_23;2014-2020;FSC;ALTRO;SIN BRINDISI;NAZ;4;
2017TOPIOMBIFSC;2014-2020;FSC;ALTRO;SIN PIOMBINO;TOSCANA;3;
FSC_1420_CDD_22;2014-2020;FSC;ALTRO;SIN TRIESTE;NAZ;4;Coda 713
FSC_1420_CDD_24;2014-2020;FSC;ALTRO_LEX;SOCIETÀ RISORSE IDRICHE;NAZ;4;
FSC_1420_CDD_13;2014-2020;FSC;DEBITI;TPL BASILICATA;BASILICATA;4;
FSC_1420_CDD_14;2014-2020;FSC;DEBITI;TPL CAMPANIA;CAMPANIA;4;
2018FSCPIEMTPL;2014-2020;FSC;DEBITI;TPL PIEMONTE;PIEMONTE;4;
FSC_1420_CDD_15;2014-2020;FSC;DEBITI;TPL UMBRIA;UMBRIA;4;
2018FREJUSFSC;2007-2013;FSC;FONDI;TRAFORO FREJUS;NAZ;0;Monitorato su BDU 2014-2020
2018FSCVOUCHER;2014-2020;FSC;ALTRO;VOUCHER DIGITALIZZAZIONE PMI;NAZ;0;
FSC_1420_CDD_16;2014-2020;FSC;ALTRO_LEX;ZONE ECONOMICHE SPECIALI;NAZ;4;
2018BOLZPOLTEC;2014-2020;FSC;ALTRO;POLI TECNOLOGICI P.A. BOLZANO;PA BOLZANO;0;Era: vuoto20
2018PIEMPOLTEC;2014-2020;FSC;ALTRO;PARCO CITTA' DELLA SALUTE DI TORINO;PIEMONTE;0;Era: vuoto20
2018REGPIEMFSC;2014-2020;FSC;ALTRO;OSPEDALE UNICO DI ORNAVASSO;PIEMONTE;0;Era: vuoto8. Da accorpare in EDILIZIA SANITARIA
2018REGTOSCFSC;2014-2020;FSC;ALTRO;PRESIDIO OSPEDALIERO DI PRATO;TOSCANA;0;Era: vuoto8. Da accorpare in EDILIZIA SANITARIA
2018TOSPIOMFSC;2007-2013;FSC;CHK;SIN PIOMBINO;NAZ;3;
2016XXAMPSAP00;2014-2020;FSC;PIANI;PIANO FSC DISSESTO IDROGEOLOGICO;NAZ;5;Programma fittizio per accorpamento. Era “piano stralcio”
2015XXXXXPSO000;2014-2020;FSC;PIANI;PIANO FSC DISSESTO IDROGEOLOGICO (FONDO);NAZ;5;Programma fittizio per accorpamento. Era “piano stralcio”
2016PATTICAMP:::2016POCCAMPAN01;2014-2020;FSC;PATTI;PATTO + POC CAMPANIA;CAMPANIA;1;
FSC_1420_CDD_30;2014-2020;FSC;ALTRO_LEX;AMMORTIZZATORI SOCIALI;NAZ;4;
FSC_1420_CDD_31;2014-2020;FSC;ALTRO_LEX;ECONOMIA CIRCOLARE;NAZ;4;
CISFOGGIAFSC;2014-2020;FSC;ALTRO;CIS FOGGIA;PUGLIA;4;era: FSC_1420_CDD_35
CISMOLISEFSC;2014-2020;FSC;ALTRO;CIS MOLISE;NAZ;0;
FSC_1420_CDD_37;2014-2020;FSC;ALTRO_LEX;AGRICOLTURA PUGLIA;PUGLIA;4;
FSC_1420_CDD_38;2014-2020;FSC;ALTRO_LEX;XYLELLA;NAZ;4;
FSCACTBENICONF;2014-2020;FSC;PIANI;BENI CONFISCATI;NAZ;4;era: FSC_1420_CDD_39
FSCMILITSPORT;2007-2013;FSC;ALTRO;IMPIANTI SPORTIVI GRUPPI MILITARI;NAZ;5;Monitorato su BDU 2014-2020. Accorpamento di singoli programmi
FSC_1420_CDD_34;2014-2020;FSC;ALTRO_LEX;RIDUZIONE DL 34/2019;NAZ;11;
TEMP_0713_001;2007-2013;FSC;FONDI;Fondo Strategico;NAZ;8;
TEMP_0713_002;2007-2013;FSC;FONDI;Fondo Infrastrutture;NAZ;8;
TEMP_0713_003;2007-2013;FSC;FONDI;Ammortizzatori sociali in deroga;NAZ;8;
TEMP_0713_004;2007-2013;FSC;ALTRO;Fondo di Garanzia PMI;NAZ;8;
TEMP_0713_005;2007-2013;FSC;ALTRO;Regolazioni Ponte Messina;NAZ;8;
TEMP_0713_009;2007-2013;FSC;ALTRO;Museo nazionale di Reggio Calabria;NAZ;8;
TEMP_0713_019;2007-2013;FSC;ALTRO;Città della Scienza;NAZ;8;
TEMP_0713_020;2007-2013;FSC;ALTRO;Palazzo di giustizia di Lecco;NAZ;8;
2007PCDPCFSC010;2007-2013;FSC;ALTRO;SIN Fidenza;EMILIA-ROMAGNA;8;
TEMP_0713_098;2007-2013;FSC;ALTRO;Porti minori di Bari;NAZ;8;
Y001;2007-2013;FSC;ODS;ODS AT;NAZ;8;
TEMP_0713_006;2007-2013;FSC;ALTRO;altre assegnazioni;REG;8;
TEMP_0713_008;2007-2013;FSC;OPCM;OPCM;REG;8;
SINPIOMBINO;2014-2020;FSC;ALTRO;SIN PIOMBINO;TOSCANA;0;Accorpamento di 2018TOSPIOMFSC e 2017TOPIOMBIFSC
TEMP_0713_999;2007-2013;FSC;ALTRO;Preallocazioni di legge;NAZ;8;
2019MISEDLCRE01;2014-2020;FSC;ALTRO_LEX;ENERGIA COMUNI;NAZ;1;Era: FSC_1420_CDD_32
2017MEFDTFSC004;2007-2013;FSC;FONDI;GRAN SASSO SCIENCE INSTITUTE;NAZ;0;
FSCMISERICSVIL;2014-2020;FSC;ALTRO;ECONOMIA CIRCOLARE;NAZ;0;
32_SNAI;2014-2020;FSC;SNAI;RISORSE INTESA CEDUTE A SNAI;NAZ;1;
ABR_CPT;2007-2013;FSC;CPT;RISORSE DESTINATE A PREMIALITÀ CPT 2007-2013;ABRUZZO;1;
ABR_DEBITI;2007-2013;FSC;DEBITI;DELIBERA N. 3/2011 – DEBITO SANITARIO;ABRUZZO;1;
ABR_RIPRO;2014-2020;FSC;COVID;RIASSEGNAZIONE COVID ABRUZZO;ABRUZZO;1;
ABR_TAGLI_2;2007-2013;FSC;TAGLI;D.L. 95/2012, ART. 16, C.2 (ANNUALITÀ 2015);ABRUZZO;1;
ABR_TAGLI_3;2007-2013;FSC;TAGLI;L. 147/2013 ART. 1, CC. 522-525 (ANNUALITÀ 2014);ABRUZZO;1;
ABR_TAGLI_4;2007-2013;FSC;TAGLI;D.L. N. 66/2014, ART. 46, C. 6 (ANNUALITÀ 2014);ABRUZZO;1;
ABR_TAGLI_5;2007-2013;FSC;TAGLI;D.L. N. 66/2014, ART. 46, C. 6 E S.M.I. (ANNUALITÀ 2015);ABRUZZO;1;
ACT_TERZOSETT;2014-2020;FSC;ALTRO_LEX;SOSTEGNO AL TERZO SETTORE;NAZ;1;
AERO_RC;2014-2020;FSC;PIANI OPERATIVI;AEROPORTO DI REGGIO CALABRIA;NAZ;1;
AUS_SARC_BAS;2007-2013;FSC;CHK;AUTOSTRADA SA-RC – BASILICATA;BASILICATA;1;
AUS_SARC_CAL;2007-2013;FSC;CHK;AUTOSTRADA SA-RC – CALABRIA;CALABRIA;1;
AUS_SARC_CAM;2007-2013;FSC;CHK;AUTOSTRADA SA-RC – CAMPANIA;CAMPANIA;1;
BAS_CPT;2007-2013;FSC;CPT;RISORSE DESTINATE A PREMIALITÀ CPT 2007-2013;BASILICATA;1;
BAS_RIPRO;2014-2020;FSC;COVID;RIASSEGNAZIONE COVID BASILICATA;BASILICATA;1;
BAS_SA-RC;2007-2013;FSC;CHK;SCORPORO AUTOSTRADA SA-RC;BASILICATA;1;
BAS_TAGLI_3;2007-2013;FSC;TAGLI;D.L. 95/2012, ART. 16, C.2 (ANNUALITÀ 2015);BASILICATA;1;
BAS_TAGLI_4;2007-2013;FSC;TAGLI;L. 147/2013 ART. 1, CC. 522-525 (ANNUALITÀ 2014);BASILICATA;1;
BAS_TAGLI_5;2007-2013;FSC;TAGLI;D.L. N. 66/2014, ART. 46, C. 6 (ANNUALITÀ 2014);BASILICATA;1;
BAS_TAGLI_6;2007-2013;FSC;TAGLI;D.L. N. 66/2014, ART. 46, C. 6 E S.M.I. (ANNUALITÀ 2015);BASILICATA;1;
BAS_TAGLI_7;2007-2013;FSC;TAGLI;D.L. N. 66/2014, ART. 46, C. 6 E S.M.I. (ANNUALITÀ 2016);BASILICATA;1;
CAL_CPT;2007-2013;FSC;CPT;RISORSE DESTINATE A PREMIALITÀ CPT 2007-2013;CALABRIA;1;
CAL_DEBITI_1;2007-2013;FSC;DEBITI;DELIBERA N. 78/2012 – DEBITO SANITARIO;CALABRIA;1;
CAL_DEBITI_2;2007-2013;FSC;DEBITI;DELIBERA N. 21/2014 – DEBITO SANITARIO;CALABRIA;1;
CAL_DEBITI_3;2007-2013;FSC;DEBITI;FERROVIE DELLE CALABRIA DELIBERA N. 64/2013;CALABRIA;1;
CAL_DEBITI_4;2007-2013;FSC;DEBITI;TPL RIDETERMINATO;CALABRIA;1;
CAL_DEBITI_5;2007-2013;FSC;DEBITI;TPL RIDETERMINATO;CALABRIA;1;
CAL_DEBITI_6;2007-2013;FSC;DEBITI;RETTIFICA ARROTONDAMENTI IN TABELLA IMPIEGHI;CALABRIA;1;
CAL_RIPRO;2014-2020;FSC;COVID;RIASSEGNAZIONE COVID CALABRIA;CALABRIA;1;
CAL_SA-RC;2007-2013;FSC;CHK;SCORPORO AUTOSTRADA SA-RC;CALABRIA;1;
CAL_TAGLI_1;2007-2013;FSC;TAGLI;D.L. 95/2012, ART. 16, C.2 (ANNUALITÀ 2015);CALABRIA;1;
CAL_TAGLI_2;2007-2013;FSC;TAGLI;L. 147/2013 ART. 1, CC. 522-525 (ANNUALITÀ 2014);CALABRIA;1;
CAL_TAGLI_3;2007-2013;FSC;TAGLI;D.L. N. 66/2014, ART. 46, C. 6 (ANNUALITÀ 2014);CALABRIA;1;
CAL_TAGLI_4;2007-2013;FSC;TAGLI;D.L. N. 66/2014, ART. 46, C. 6 E S.M.I. (ANNUALITÀ 2015);CALABRIA;1;
CAM_COFIN_1;2007-2013;FSC;COFIN;COFINANZIAMENTO REGIONALE PROGRAMMI COMUNITARI;CAMPANIA;1;
CAM_COFIN_2;2014-2020;FSC;COFIN;COFINANZIAMENTO REGIONALE PROGRAMMI COMUNITARI;CAMPANIA;1;
CAM_COFIN_3;2007-2013;FSC;COFIN;COFINANZIAMENTO REGIONALE PROGRAMMI COMUNITARI;CAMPANIA;1;
CAM_COFIN_4;2014-2020;FSC;COFIN;COFINANZIAMENTO REGIONALE PROGRAMMI COMUNITARI;CAMPANIA;1;
CAM_CPT;2007-2013;FSC;CPT;RISORSE DESTINATE A PREMIALITÀ CPT 2007-2013;CAMPANIA;1;
CAM_DEBITI_1;2007-2013;FSC;DEBITI;DELIBERA N. 3/2011;CAMPANIA;1;
CAM_DEBITI_2;2007-2013;FSC;DEBITI;D.L. N. 83/2012 ART. 16 CO. 9 DEBITO TRASPORTO PUBBLICO LOCALE;CAMPANIA;1;
CAM_OPCM_1;2007-2013;FSC;OPCM;OPCM N. 3613/2007 EMERGENZA RIFIUTI;CAMPANIA;1;
CAM_OPCM_2;2007-2013;FSC;OPCM;OPCM N. 3792/2009 EMERGENZA SARNO;CAMPANIA;1;
CAM_OPCM_3;2007-2013;FSC;OPCM;OPCM N. 3634/07 MODIFICATA DA ART. 9 OPCM N. 3829/09 EMERGENZA BRUCELLOSI;CAMPANIA;1;
CAM_OPCM_4;2007-2013;FSC;OPCM;OPCM N. 3849/10 ART. 9, C.5, E OPCM N. 3868/10 ARTT. 1 E 5 CRITICITÀ TERRITORI CAMPANI;CAMPANIA;1;
CAM_OPCM_5;2007-2013;FSC;OPCM;OPCM N. 3849/10 ART. 9, C.5 CRITICITÀ TERRITORI CAMPANI;CAMPANIA;1;
CAM_OPCM_6;2007-2013;FSC;OPCM;OPCM N. 3851/10 ART. 1 EMERGENZA POMPEI;CAMPANIA;1;
CAM_OPCM_7;2007-2013;FSC;OPCM;D.L. N. 16/2012 ART. 12 CO. 8 TERMOVALORIZZATORE DI ACERRA;CAMPANIA;1;
CAM_OPCM_8;2007-2013;FSC;OPCM;OPCM N. 3613/2007 EMERGENZA RIFIUTI;CAMPANIA;1;
CAM_RIPRO;2014-2020;FSC;COVID;RIASSEGNAZIONE COVID CAMPANIA;CAMPANIA;1;
CAM_SA-RC;2007-2013;FSC;CHK;SCORPORO AUTOSTRADA SA-RC;CAMPANIA;1;
CAM_TAGLI_1;2007-2013;FSC;TAGLI;L. 147/2013 ART. 1, CC. 522-525 (ANNUALITÀ 2014);CAMPANIA;1;
CAM_TAGLI_4;2007-2013;FSC;TAGLI;D.L. N. 66/2014, ART. 46, C. 6 E S.M.I. (ANNUALITÀ 2015);CAMPANIA;1;
CAM_TAGLI_5;2007-2013;FSC;TAGLI;D.L. N. 66/2014, ART. 46, C. 6 E S.M.I. (ANNUALITÀ 2016);CAMPANIA;1;
CIS_CS;2014-2020;FSC;PIANI OPERATIVI;CIS COSENZA;NAZ;1;
CIS_MECTPA_MIT;2014-2020;FSC;PIANI OPERATIVI;CIS MESSINA-CATANIA-PALERMO – MIT;NAZ;1;
CIS_MT_BAS;2014-2020;FSC;ALTRE ASSEGNAZIONI FSC;CIS MATERA - REGIONE BASILICATA;NAZ;1;
CIS_NA;2014-2020;FSC;PIANI OPERATIVI;CIS NAPOLI;NAZ;1;
CIS_NABA_BAS;2007-2013;FSC;CHK;CIS NAPOLI-BARI – REGIONE BASILICATA;BASILICATA;1;
CIS_NABA_CAM;2007-2013;FSC;CHK;CIS NAPOLI-BARI – REGIONE CAMPANIA;CAMPANIA;1;
CIS_NABA_MIT;2014-2020;FSC;PIANI OPERATIVI;CIS NAPOLI-BARI – MIT;NAZ;1;
CIS_NABA_PUG;2007-2013;FSC;CHK;CIS NAPOLI-BARI – REGIONE PUGLIA;PUGLIA;1;
CIS_OTSS_SAR;2007-2013;FSC;CHK;CIS SASSARI-OLBIA – REGIONE SARDEGNA;SARDEGNA;1;
CIS_PA;2014-2020;FSC;PIANI OPERATIVI;CIS PALERMO;NAZ;1;
CIS_POMPEI;2014-2020;FSC;PIANI OPERATIVI;CIS BUFFER ZONE POMPEI;NAZ;1;
CIS_SARC_CAL;2007-2013;FSC;CHK;CIS SALERNO-REGGIO CALABRIA – REGIONE CALABRIA;NAZ;1;
CIS_SARC_MIT;2014-2020;FSC;PIANI OPERATIVI;CIS SALERNO-REGGIO CALABRIA – MIT;NAZ;1;
CIS_TA_BONIFICHE;2014-2020;FSC;ALTRE ASSEGNAZIONI FSC;CIS TARANTO – COMM. BONIFICHE;NAZ;1;
CIS_TA_DIFESA;2014-2020;FSC;ALTRE ASSEGNAZIONI FSC;CIS TARANTO – DIFESA;NAZ;1;
CIS_TA_INVITALIA;2014-2020;FSC;ALTRE ASSEGNAZIONI FSC;CIS TARANTO – INVITALIA;NAZ;1;
CIS_TA_MATTM;2014-2020;FSC;PIANI OPERATIVI;CIS TARANTO – MATTM;NAZ;1;
CIS_TA_MIBACT;2014-2020;FSC;PIANI OPERATIVI;CIS TARANTO – MIBACT;NAZ;1;
CIS_TA_MIT;2014-2020;FSC;ALTRE ASSEGNAZIONI FSC;CIS TARANTO – MIT;NAZ;1;
CIS_TA_PUG;2014-2020;FSC;ALTRI CIPE;CIS TARANTO – REGIONE PUGLIA;PUGLIA;1;
CIS_VENTO;2014-2020;FSC;PIANI OPERATIVI;CIS VENTOTENE;NAZ;1;
EMR_CPT;2007-2013;FSC;CPT;RISORSE DESTINATE A PREMIALITÀ CPT 2007-2013;EMILIA-ROMAGNA;1;
EMR_RIPRO;2014-2020;FSC;COVID;RIASSEGNAZIONE COVID EMILIA-ROMAGNA;EMILIA-ROMAGNA;1;
EMR_TAGLI_1;2007-2013;FSC;TAGLI;D.L. 95/2012, ART. 16, C.2 (ANNUALITÀ 2014);EMILIA-ROMAGNA;1;
EMR_TAGLI_2;2007-2013;FSC;TAGLI;D.L. 95/2012, ART. 16, C.2 (ANNUALITÀ 2015);EMILIA-ROMAGNA;1;
EMR_TAGLI_3;2007-2013;FSC;TAGLI;L. 147/2013 ART. 1, CC. 522-525 (ANNUALITÀ 2014);EMILIA-ROMAGNA;1;
EMR_TAGLI_4;2007-2013;FSC;TAGLI;D.L. N. 66/2014, ART. 46, C. 6 (ANNUALITÀ 2014);EMILIA-ROMAGNA;1;
EMR_TAGLI_5;2007-2013;FSC;TAGLI;D.L. N. 66/2014, ART. 46, C. 6 E S.M.I. (ANNUALITÀ 2015);EMILIA-ROMAGNA;1;
FVG_CPT;2007-2013;FSC;CPT;RISORSE DESTINATE A PREMIALITÀ CPT 2007-2013;FRIULI-VENEZIA GIULIA;1;
FVG_RIPRO;2014-2020;FSC;COVID;RIASSEGNAZIONE COVID FRIULI-VENEZIA GIULIA;FRIULI-VENEZIA GIULIA;1;
LAZ_CPT;2007-2013;FSC;CPT;RISORSE DESTINATE A PREMIALITÀ CPT 2007-2013;LAZIO;1;
LAZ_DEBITI_1;2007-2013;FSC;DEBITI;DEBITO SANITARIO (DEL 2/2011);LAZIO;1;
LAZ_RIPRO;2014-2020;FSC;COVID;RIASSEGNAZIONE COVID LAZIO;LAZIO;1;
LIG_CPT;2007-2013;FSC;CPT;RISORSE DESTINATE A PREMIALITÀ CPT 2007-2013;LIGURIA;1;
LIG_RIPRO;2014-2020;FSC;COVID;RIASSEGNAZIONE COVID LIGURIA;LIGURIA;1;
LIG_TAGLI_1;2007-2013;FSC;TAGLI;D.L. 95/2012, ART. 16, C.2 (ANNUALITÀ 2013);LIGURIA;1;
LIG_TAGLI_2;2007-2013;FSC;TAGLI;D.L. 95/2012, ART. 16, C.2 (ANNUALITÀ 2014);LIGURIA;1;
LIG_TAGLI_3;2007-2013;FSC;TAGLI;D.L. 95/2012, ART. 16, C.2 (ANNUALITÀ 2015);LIGURIA;1;
LIG_TAGLI_4;2007-2013;FSC;TAGLI;L. 147/2013 ART. 1, CC. 522-525 (ANNUALITÀ 2014);LIGURIA;1;
LIG_TAGLI_5;2007-2013;FSC;TAGLI;D.L. N. 66/2014, ART. 46, C. 6 (ANNUALITÀ 2014);LIGURIA;1;
LIG_TAGLI_6;2007-2013;FSC;TAGLI;D.L. N. 66/2014, ART. 46, C. 6 E S.M.I. (ANNUALITÀ 2015);LIGURIA;1;
LOM_CPT;2007-2013;FSC;CPT;RISORSE DESTINATE A PREMIALITÀ CPT 2007-2013;LOMBARDIA;1;
LOM_RIPRO;2014-2020;FSC;COVID;RIASSEGNAZIONE COVID LOMBARDIA;LOMBARDIA;1;
LOM_TAGLI_1;2007-2013;FSC;TAGLI;D.L. 95/2012, ART. 16, C.2 (ANNUALITÀ 2015);LOMBARDIA;1;
LOM_TAGLI_2;2007-2013;FSC;TAGLI;L. 147/2013 ART. 1, CC. 522-525 (ANNUALITÀ 2014);LOMBARDIA;1;
LOM_TAGLI_3;2007-2013;FSC;TAGLI;D.L. N. 66/2014, ART. 46, C. 6 (ANNUALITÀ 2014);LOMBARDIA;1;
LOM_TAGLI_4;2007-2013;FSC;TAGLI;D.L. N. 66/2014, ART. 46, C. 6 E S.M.I. (ANNUALITÀ 2015);LOMBARDIA;1;
LOM_TAGLI_5;2007-2013;FSC;TAGLI;D.L. N. 66/2014, ART. 46, C. 6 E S.M.I. (ANNUALITÀ 2016);LOMBARDIA;1;
MAR_CPT;2007-2013;FSC;CPT;RISORSE DESTINATE A PREMIALITÀ CPT 2007-2013;MARCHE;1;
MAR_RIPRO;2014-2020;FSC;COVID;RIASSEGNAZIONE COVID MARCHE;MARCHE;1;
MAR_TAGLI_2;2007-2013;FSC;TAGLI;D.L. 95/2012, ART. 16, C.2 (ANNUALITÀ 2015);MARCHE;1;
MAR_TAGLI_3;2007-2013;FSC;TAGLI;L. 147/2013 ART. 1, CC. 522-525 (ANNUALITÀ 2014);MARCHE;1;
MAR_TAGLI_4;2007-2013;FSC;TAGLI;D.L. N. 66/2014, ART. 46, C. 6 (ANNUALITÀ 2014);MARCHE;1;
MAR_TAGLI_5;2007-2013;FSC;TAGLI;D.L. N. 66/2014, ART. 46, C. 6 E S.M.I. (ANNUALITÀ 2015);MARCHE;1;
MOL_CPT;2007-2013;FSC;CPT;RISORSE DESTINATE A PREMIALITÀ CPT 2007-2013;MOLISE;1;
MOL_DEBITI_1;2007-2013;FSC;DEBITI;DELIBERA N. 12/2012 – DEBITO SANITARIO;MOLISE;1;
MOL_DEBITI_2;2007-2013;FSC;DEBITI;DEBITI TPL;MOLISE;1;
MOL_DELTA;2007-2013;FSC;PRA;RESIDUO RISORSE MOLISE DA 21/2014 CHE COPRE SANZIONE NETTA;MOLISE;1;
MOL_RIPRO;2014-2020;FSC;COVID;RIASSEGNAZIONE COVID MOLISE;MOLISE;1;
MOL_TAGLI_1;2007-2013;FSC;TAGLI;D.L. 95/2012, ART. 16, C.2 (ANNUALITÀ 2013);MOLISE;1;
MOL_TAGLI_2;2007-2013;FSC;TAGLI;D.L. 95/2012, ART. 16, C.2 (ANNUALITÀ 2014);MOLISE;1;
MOL_TAGLI_3;2007-2013;FSC;TAGLI;D.L. 95/2012, ART. 16, C.2 (ANNUALITÀ 2015);MOLISE;1;
MOL_TAGLI_4;2007-2013;FSC;TAGLI;L. 147/2013 ART. 1, CC. 522-525 (ANNUALITÀ 2014);MOLISE;1;
MOL_TAGLI_5;2007-2013;FSC;TAGLI;D.L. N. 66/2014, ART. 46, C. 6 E S.M.I. (ANNUALITÀ 2016);MOLISE;1;
MOL_TAGLI_6;2007-2013;FSC;TAGLI;D.L. N. 66/2014, ART. 46, C. 6 (ANNUALITÀ 2014);MOLISE;1;
MOL_TAGLI_7;2007-2013;FSC;TAGLI;D.L. N. 66/2014, ART. 46, C. 6 E S.M.I. (ANNUALITÀ 2015);MOLISE;1;
MUR_RIPRO;2014-2020;FSC;COVID;RIASSEGNAZIONE COVID MUR;NAZ;1;
NEW_01;2014-2020;FSC;ALTRO_LEX;ZONE ECONOMICHE SPECIALI (RAFFORZAMENTO);NAZ;1;
NEW_02;2014-2020;FSC;ALTRO_LEX;NUOVA SABATINI (INDUSTRIA 4.0);NAZ;1;
NEW_03;2014-2020;FSC;ALTRO_LEX;FONDO CRESCI AL SUD;NAZ;1;
NEW_04;2014-2020;FSC;ALTRO_LEX;ZONE LOGISTICHE SEMPLIFICATE (ZLS);NAZ;1;
NEW_05;2014-2020;FSC;ALTRO_LEX;D.L. n. 34/2020, art. 244 - Credito di imposta per le attività di ricerca e sviluppo nelle aree del Mezzogiorno (Abruzzo, Basilicata, Calabria, Campania, Molise, Puglia, Sardegna e Sicilia, nonché nelle «Regioni Lazio, Marche e Umbria colpite dagli eventi sismici del 24 agosto, del 26 e del 30 ottobre 2016 e  del  18 gennaio 2017»);NAZ;1;
NEW_06;2014-2020;FSC;ALTRO_LEX;"D.L. n. 34/2020, art. 243 ""dottorati comunali""";NAZ;1;
NEW_07;2014-2020;FSC;ALTRO_LEX;Comune di Barletta (L. 160/2019, c. 317);NAZ;1;
NEW_08;2014-2020;FSC;ALTRO_LEX;Misure e interventi finanziari a favore delle imprese agricole ubicate nei comuni del cratere (D.L. 123/2019, art. 9 );NAZ;1;
FONDOINFRSOCIAL;2014-2020;FSC;ALTRO_LEX;Rafforzamento clausola investimenti 34% al Mezzogiorno e contributo per infrastrutture sociali;NAZ;1;
NEW_EMILIA-ROMAGNA;2014-2020;FSC;COVID;ASSEGNAZIONE COVID EMILIA-ROMAGNA;EMILIA-ROMAGNA;1;
NEW_FVG;2014-2020;FSC;COVID;ASSEGNAZIONE COVID FRIULI-VENEZIA GIULIA;FRIULI-VENEZIA GIULIA;1;
NEW_GOV;2014-2020;FSC;COVID;ASSEGNAZIONE COVID GOV;NAZ;1;
NEW_LAZIO;2014-2020;FSC;COVID;ASSEGNAZIONE COVID LAZIO;LAZIO;1;
NEW_LIGURIA;2014-2020;FSC;COVID;ASSEGNAZIONE COVID LIGURIA;LIGURIA;1;
NEW_LOMBARDIA;2014-2020;FSC;COVID;ASSEGNAZIONE COVID LOMBARDIA;LOMBARDIA;1;
NEW_MARCHE;2014-2020;FSC;COVID;ASSEGNAZIONE COVID MARCHE;MARCHE;1;
NEW_METRO;2014-2020;FSC;COVID;ASSEGNAZIONE COVID METRO;NAZ;1;
NEW_MIBACT_01;2014-2020;FSC;PIANI;Copertura fondo cinema MIBACT (riduzione Piano Cultura e Turismo);NAZ;1;
NEW_MIBACT_02;2014-2020;FSC;PIANI;Riduzione Decreto Cura (riduzione Piano Cultura e Turismo);NAZ;1;
NEW_MIUR;2014-2020;FSC;COVID;ASSEGNAZIONE COVID MIUR;NAZ;1;
NEW_MLPS;2014-2020;FSC;COVID;ASSEGNAZIONE COVID MLPS;NAZ;1;
NEW_PA_BOLZANO;2014-2020;FSC;COVID;ASSEGNAZIONE COVID PA_BOLZANO;PA BOLZANO;1;
NEW_PA_TRENTO;2014-2020;FSC;COVID;ASSEGNAZIONE COVID PA_TRENTO;PA TRENTO;1;
NEW_PIEMONTE;2014-2020;FSC;COVID;ASSEGNAZIONE COVID PIEMONTE;PIEMONTE;1;
NEW_SNAI;2014-2020;FSC;SNAI;RAFFORZAMENTO SNAI;NAZ;1;
NEW_TOSCANA;2014-2020;FSC;COVID;ASSEGNAZIONE COVID TOSCANA;TOSCANA;1;
NEW_UMBRIA;2014-2020;FSC;COVID;ASSEGNAZIONE COVID UMBRIA;UMBRIA;1;
NEW_VALLE_D_AOSTA;2014-2020;FSC;COVID;ASSEGNAZIONE COVID VALLE D’AOSTA;VALLE D’AOSTA;1;
NEW_VENETO;2014-2020;FSC;COVID;ASSEGNAZIONE COVID VENETO;VENETO;1;
NON_ASSEGNATO;2014-2020;FSC;RESIDUO;RISORSE NON ASSEGNATE;NAZ;8;
OLD_01;2014-2020;FSC;COMPL;Completamenti;NAZ;1;
OLD_02;2014-2020;FSC;COFIN;COFINANZIAMENTO REGIONALE PROGRAMMI COMUNITARI;NAZ;1;
OLD_03;2014-2020;FSC;ALTRO_LEX;Credito di imposta per nuovi investimenti in beni strumentali del Mezzogiorno;NAZ;1;
OPCM_CAM_A;2007-2013;FSC;OPCM;CICLO INTEGRATO DEI RIFIUTI;CAMPANIA;1;
OPCM_CAM_B;2007-2013;FSC;OPCM;COMPENSAZIONI AMBIENTALI;CAMPANIA;1;
PAB_CPT;2007-2013;FSC;CPT;RISORSE DESTINATE A PREMIALITÀ CPT 2007-2013;PA BOLZANO;1;
PAB_RIPRO;2014-2020;FSC;COVID;RIASSEGNAZIONE COVID PA BOLZANO;PA BOLZANO;1;
PAT_CPT;2007-2013;FSC;CPT;RISORSE DESTINATE A PREMIALITÀ CPT 2007-2013;PA TRENTO;1;
PIE_CPT;2007-2013;FSC;CPT;RISORSE DESTINATE A PREMIALITÀ CPT 2007-2013;PIEMONTE;1;
PIE_DEBITI_1;2007-2013;FSC;DEBITI;DELIBERA N. 71/2015, DL N. 35/2013, ART. 11, CC. 6 E 7 - TPL;PIEMONTE;1;
PIE_RIPRO;2014-2020;FSC;COVID;RIASSEGNAZIONE COVID PIEMONTE;PIEMONTE;1;
PIE_TAGLI_2;2007-2013;FSC;TAGLI;D.L. 95/2012, ART. 16, C.2 (ANNUALITÀ 2015);PIEMONTE;1;
PIE_TAGLI_3;2007-2013;FSC;TAGLI;L. 147/2013 ART. 1, CC. 522-525 (ANNUALITÀ 2014);PIEMONTE;1;
PIE_TAGLI_4;2007-2013;FSC;TAGLI;D.L. N. 66/2014, ART. 46, C. 6 (ANNUALITÀ 2014);PIEMONTE;1;
PIE_TAGLI_5;2007-2013;FSC;TAGLI;D.L. N. 66/2014, ART. 46, C. 6 E S.M.I. (ANNUALITÀ 2015);PIEMONTE;1;
PUG_CPT;2007-2013;FSC;CPT;RISORSE DESTINATE A PREMIALITÀ CPT 2007-2013;PUGLIA;1;
PUG_RIPRO;2014-2020;FSC;COVID;RIASSEGNAZIONE COVID PUGLIA;PUGLIA;1;
PUG_TAGLI_1;2007-2013;FSC;TAGLI;D.L. 95/2012, ART. 16, C.2 (ANNUALITÀ 2013);PUGLIA;1;
PUG_TAGLI_2;2007-2013;FSC;TAGLI;D.L. 95/2012, ART. 16, C.2 (ANNUALITÀ 2014);PUGLIA;1;
PUG_TAGLI_3;2007-2013;FSC;TAGLI;D.L. 95/2012, ART. 16, C.2 (ANNUALITÀ 2015);PUGLIA;1;
PUG_TAGLI_4;2007-2013;FSC;TAGLI;L. 147/2013 ART. 1, CC. 522-525 (ANNUALITÀ 2014);PUGLIA;1;
PUG_TAGLI_5;2007-2013;FSC;TAGLI;D.L. N. 66/2014, ART. 46, C. 6 (ANNUALITÀ 2014);PUGLIA;1;
PUG_TAGLI_6;2007-2013;FSC;TAGLI;D.L. N. 66/2014, ART. 46, C. 6 E S.M.I. (ANNUALITÀ 2015);PUGLIA;1;
SAR_CPT;2007-2013;FSC;CPT;RISORSE DESTINATE A PREMIALITÀ CPT 2007-2013;SARDEGNA;1;
SAR_DEBITI_1;2007-2013;FSC;DEBITI;D.L. 162/08 MODIFICATO DA OPCM 3742/09;SARDEGNA;1;
SAR_DEBITI_2;2007-2013;FSC;DEBITI;DEBITI SANITÀ;SARDEGNA;1;
SAR_RIPRO;2014-2020;FSC;COVID;RIASSEGNAZIONE COVID SARDEGNA;SARDEGNA;1;
SIC_COFIN;2007-2013;FSC;COFIN;DELIBERA N. 93/2015 COFINANZIAMENTO FS 2007-2013;SICILIA;1;
SIC_CPT;2007-2013;FSC;CPT;RISORSE DESTINATE A PREMIALITÀ CPT 2007-2013;SICILIA;1;
SIC_DEBITI_1;2007-2013;FSC;DEBITI;DELIBERA N. 77/2011;SICILIA;1;
SIC_DEBITI_2;2007-2013;FSC;DEBITI;DELIBERA N. 94/2012;SICILIA;1;
SIC_OPCM_1;2007-2013;FSC;OPCM;OPCM N. 3865/2010;SICILIA;1;
SIC_OPCM_2;2007-2013;FSC;OPCM;OPCM N. 3887/2010;SICILIA;1;
SIC_OPCM_3;2007-2013;FSC;OPCM;OPCM N. 3957/2011;SICILIA;1;
SIC_OPCM_4;2007-2013;FSC;OPCM;OPCM N. 3961/2011;SICILIA;1;
SIC_OPCM_5;2007-2013;FSC;OPCM;OCDPC N. 11 DEL 25 GIUGNO 2012;SICILIA;1;
SIC_OPCM_6;2007-2013;FSC;OPCM;OPCM N. 4020 DEL 4 MAGGIO 2012;SICILIA;1;
SIC_OPCM_7;2007-2013;FSC;OPCM;LEGGE N. 228/2012 ART. 224;SICILIA;1;
SIC_OPCM_8;2007-2013;FSC;OPCM;DELIBERA N. 6/2015 VALLE DEL BELICE;SICILIA;1;
SIC_RIPRO;2014-2020;FSC;COVID;RIASSEGNAZIONE COVID SICILIA;SICILIA;1;
SIC_TAGLI_1;2007-2013;FSC;TAGLI;CONTRIBUTO FINANZA PUBBLICA ANNUALITÀ 2013;SICILIA;1;
SIC_TAGLI_2;2007-2013;FSC;TAGLI;CONTRIBUTO FINANZA PUBBLICA ANNUALITÀ 2014;SICILIA;1;
SIC_TAGLI_3;2007-2013;FSC;TAGLI;CONTRIBUTO FINANZA PUBBLICA ANNUALITÀ 2015;SICILIA;1;
TEMP_RIDUZIONE_SICILIA;2014-2020;FSC;TAGLI;SICILIA RIDUZIONE ONERI FINANZA PUBBLICA;SICILIA;1;
TOS_CPT;2007-2013;FSC;CPT;RISORSE DESTINATE A PREMIALITÀ CPT 2007-2013;TOSCANA;1;
TOS_RIPRO;2014-2020;FSC;COVID;RIASSEGNAZIONE COVID TOSCANA;TOSCANA;1;
TOS_TAGLI_1;2007-2013;FSC;TAGLI;D.L. 95/2012, ART. 16, C.2 (ANNUALITÀ 2015);TOSCANA;1;
TOS_TAGLI_2;2007-2013;FSC;TAGLI;L. 147/2013 ART. 1, CC. 522-525 (ANNUALITÀ 2014);TOSCANA;1;
TOS_TAGLI_3;2007-2013;FSC;TAGLI;D.L. N. 66/2014, ART. 46, C. 6 (ANNUALITÀ 2014);TOSCANA;1;
UMB_CPT;2007-2013;FSC;CPT;RISORSE DESTINATE A PREMIALITÀ CPT 2007-2013;UMBRIA;1;
UMB_RIPRO;2014-2020;FSC;COVID;RIASSEGNAZIONE COVID UMBRIA;UMBRIA;1;
UMB_TAGLI_3;2007-2013;FSC;TAGLI;D.L. 95/2012, ART. 16, C.2 (ANNUALITÀ 2015);UMBRIA;1;
UMB_TAGLI_4;2007-2013;FSC;TAGLI;L. 147/2013 ART. 1, CC. 522-525 (ANNUALITÀ 2014);UMBRIA;1;
UMB_TAGLI_5;2007-2013;FSC;TAGLI;D.L. N. 66/2014, ART. 46, C. 6 (ANNUALITÀ 2014);UMBRIA;1;
UMB_TAGLI_6;2007-2013;FSC;TAGLI;D.L. N. 66/2014, ART. 46, C. 6 E S.M.I. (ANNUALITÀ 2015);UMBRIA;1;
VDA_CPT;2007-2013;FSC;CPT;RISORSE DESTINATE A PREMIALITÀ CPT 2007-2013;VALLE D’AOSTA;1;
VEN_CPT;2007-2013;FSC;CPT;RISORSE DESTINATE A PREMIALITÀ CPT 2007-2013;VENETO;1;
VEN_DEBITI_1;2007-2013;FSC;DEBITI;DELIBERA N. 40/2015 – DEBITO TPL;VENETO;1;
VEN_RIPRO;2014-2020;FSC;COVID;RIASSEGNAZIONE COVID VENETO;VENETO;1;
VEN_TAGLI_1;2007-2013;FSC;TAGLI;D.L. 95/2012, ART. 16, C.2 (ANNUALITÀ 2015);VENETO;1;
VEN_TAGLI_2;2007-2013;FSC;TAGLI;L. 147/2013 ART. 1, CC. 522-525 (ANNUALITÀ 2014);VENETO;1;
VEN_TAGLI_3;2007-2013;FSC;TAGLI;D.L. N. 66/2014, ART. 46, C. 6 (ANNUALITÀ 2014);VENETO;1;
VEN_TAGLI_4;2007-2013;FSC;TAGLI;D.L. N. 66/2014, ART. 46, C. 6 E S.M.I. (ANNUALITÀ 2015);VENETO;1;
2007IT001FA005;2007-2013;FSC-POC;PRA;PAS DIRETTRICI FERROVIARIE;NAZ;0;Era solo FSC
2007IT005FAMG1;2007-2013;FSC-POC;CHK;PAS GIUSTIZIA CIVILE;NAZ;0;Era solo FSC
2007IT051PO007;2007-2013;FSE;PON;PON CONV FSE COMPETENZE PER LO SVILUPPO;NAZ;0;
2007IT051PO007:::2007IT001FAOS9;2007-2013;FSE;PON;PON CONV FSE COMPETENZE PER LO SVILUPPO:::PROGRAMMA OBIETTIVI DI SERVIZIO MIUR;NAZ;1;Errore su ottobre 2018: x_AMBITO era FESR
2007IT051PO006;2007-2013;FSE;PON;PON CONV FSE GOVERNANCE E AZIONI DI SISTEMA;NAZ;0;
2007IT052PO017;2007-2013;FSE;PON;PON CRO FSE AZIONI DI SISTEMA;NAZ;0;
2014IT05SFOP001;2014-2020;FSE;PON;PON INCLUSIONE;NAZ;0;
2014IT05SFOP002;2014-2020;FSE;PON;PON POLITICHE ATTIVE;NAZ;0;
2014IT05SFOP009;2014-2020;FSE;POR;POR ABRUZZO FSE;ABRUZZO;0;
2014IT05SFOP016;2014-2020;FSE;POR;POR BASILICATA FSE;BASILICATA;0;
2014IT05SFOP020;2014-2020;FSE;POR;POR CAMPANIA FSE;CAMPANIA;0;
2007IT051PO004;2007-2013;FSE;POR;POR CONV FSE BASILICATA;BASILICATA;0;
2007IT051PO002;2007-2013;FSE;POR;POR CONV FSE CALABRIA;CALABRIA;0;
2007IT051PO001;2007-2013;FSE;POR;POR CONV FSE CAMPANIA;CAMPANIA;0;
2007IT051PO001:::2012CAXXXPAC00;2007-2013;FSE;POR;POR CONV FSE CAMPANIA:::PROGRAMMA PAC CAMPANIA;CAMPANIA;1;Errore su ottobre 2018: x_AMBITO era FESR
2007IT051PO005;2007-2013;FSE;POR;POR CONV FSE PUGLIA;PUGLIA;0;
2007IT051PO003;2007-2013;FSE;POR;POR CONV FSE SICILIA;SICILIA;0;
2007IT052PO001;2007-2013;FSE;POR;POR CRO FSE ABRUZZO;ABRUZZO;0;
2007IT052PO002;2007-2013;FSE;POR;POR CRO FSE EMILIA ROMAGNA;EMILIA-ROMAGNA;0;
2007IT052PO003;2007-2013;FSE;POR;POR CRO FSE FRIULI VENEZIA GIULIA;FRIULI-VENEZIA GIULIA;0;
2007IT052PO004;2007-2013;FSE;POR;POR CRO FSE LAZIO;LAZIO;0;
2007IT052PO005;2007-2013;FSE;POR;POR CRO FSE LIGURIA;LIGURIA;0;
2007IT052PO006;2007-2013;FSE;POR;POR CRO FSE LOMBARDIA;LOMBARDIA;0;
2007IT052PO007;2007-2013;FSE;POR;POR CRO FSE MARCHE;MARCHE;0;
2007IT052PO008;2007-2013;FSE;POR;POR CRO FSE MOLISE;MOLISE;0;
2007IT052PO009;2007-2013;FSE;POR;POR CRO FSE PA BOLZANO;PA BOLZANO;0;
2007IT052PO009:::2016BOXXXPAC00;2007-2013;FSE;POR;POR CRO FSE PA BOLZANO:::PROGRAMMA PAC P.A. BOLZANO;PA BOLZANO;1;Errore su ottobre 2018: x_AMBITO era FESR
2007IT052PO010;2007-2013;FSE;POR;POR CRO FSE PA TRENTO;PA TRENTO;0;
2007IT052PO011;2007-2013;FSE;POR;POR CRO FSE PIEMONTE;PIEMONTE;0;
2007IT052PO016;2007-2013;FSE;POR;POR CRO FSE SARDEGNA;SARDEGNA;0;
2007IT052PO012;2007-2013;FSE;POR;POR CRO FSE TOSCANA;TOSCANA;0;
2007IT052PO013;2007-2013;FSE;POR;POR CRO FSE UMBRIA;UMBRIA;0;
2007IT052PO014;2007-2013;FSE;POR;POR CRO FSE VALLE D'AOSTA;VALLE D'AOSTA;0;
2007IT052PO015;2007-2013;FSE;POR;POR CRO FSE VENETO;VENETO;0;
2014IT05SFOP003;2014-2020;FSE;POR;POR EMILIA-ROMAGNA FSE;EMILIA-ROMAGNA;0;
2014IT05SFOP004;2014-2020;FSE;POR;POR FRIULI-VENEZIA GIULIA FSE;FRIULI-VENEZIA GIULIA;0;
2014IT05SFOP005;2014-2020;FSE;POR;POR LAZIO FSE;LAZIO;0;
2014IT05SFOP006;2014-2020;FSE;POR;POR LIGURIA FSE;LIGURIA;0;
2014IT05SFOP007;2014-2020;FSE;POR;POR LOMBARDIA FSE;LOMBARDIA;0;
2014IT05SFOP008;2014-2020;FSE;POR;POR MARCHE FSE;MARCHE;0;
2014IT05SFOP017;2014-2020;FSE;POR;POR PA BOLZANO FSE;PA BOLZANO;0;
2014IT05SFOP018;2014-2020;FSE;POR;POR PA TRENTO FSE;PA TRENTO;0;
2014IT05SFOP013;2014-2020;FSE;POR;POR PIEMONTE FSE;PIEMONTE;0;
2014IT05SFOP021;2014-2020;FSE;POR;POR SARDEGNA FSE;SARDEGNA;0;
2014IT05SFOP014;2014-2020;FSE;POR;POR SICILIA FSE;SICILIA;0;
2014IT05SFOP015;2014-2020;FSE;POR;POR TOSCANA FSE;TOSCANA;0;
2014IT05SFOP010;2014-2020;FSE;POR;POR UMBRIA FSE;UMBRIA;0;
2014IT05SFOP011;2014-2020;FSE;POR;POR VALLE D'AOSTA FSE;VALLE D'AOSTA;0;
2014IT05SFOP012;2014-2020;FSE;POR;POR VENETO FSE;VENETO;0;
2019MATTMINA001;2014-2020;ORD;NAZ;PIANO MITIGAZIONE RISCHIO IDROGEOLOGICO;NAZ;0;
2013ABXXXPAC00;2007-2013;PAC;PAC Regionale;PAC ABRUZZO;ABRUZZO;0;Duplicato lato IGRUE
2015ABXXXPAC00;2007-2013;PAC;PACR;PAC ABRUZZO;ABRUZZO;2;Duplicato lato IGRUE (vuoto)
2017BAXXXPAC00;2007-2013;PAC;PAC Regionale;PAC BASILICATA;BASILICATA;0;
2012CLXXXPAC00;2007-2013;PAC;PAC Regionale;PAC CALABRIA;CALABRIA;0;
2012CAXXXPAC00;2007-2013;PAC;PAC Regionale;PAC CAMPANIA;CAMPANIA;0;
2013FVGXXPAC00;2007-2013;PAC;PAC Regionale;PAC FRIULI VENEZIA GIULIA;FRIULI-VENEZIA GIULIA;0;
2014ACTXXPAC00;2007-2013;PAC;PAC Nazionale;PAC GOVERNANCE;NAZ;0;
2012MIBACPAC21;2007-2013;PAC;PAC Nazionale;PAC MIBACT;NAZ;0;
2012MINTXPAC21;2007-2013;PAC;PAC Nazionale;PAC MININT SERVIZI DI CURA;NAZ;0;
2012MINTXPAC22;2007-2013;PAC;PAC Nazionale;PAC MININT SICUREZZA E LEGALITA';NAZ;0;
2012MINTXPAC23;2007-2013;PAC;PAC Nazionale;PAC MININT SICUREZZA E LEGALITA' IN CALABRIA;NAZ;0;
2012MINTXPAC22:::2012NZ000OC001;2007-2013;PAC;PACN;PAC MINISTERO DELL'INTERNO - PIANO AZIONE GIOVANI SICUREZZA E LEGALITA' :::POC SICUREZZA;NAZ;1;
2012MISE1PAC21;2007-2013;PAC;PAC Nazionale;PAC MISE AUTOIMPIEGO E AUTOIMPRENDITORIALITA';NAZ;0;
2012MISE2PAC21;2007-2013;PAC;PACN;PAC MISE ENERGIA;NAZ;0;
2012MISE1PAC22;2007-2013;PAC;PAC Nazionale;PAC MISE IMPRESE, DOMANDA PUBBLICA E PROMOZIONE;NAZ;0;
2012MISE3PAC31;2007-2013;PAC;PAC Nazionale;PAC MISE MISURE ANTICICLICHE;NAZ;0;
2012MISE1PAC31;2007-2013;PAC;PAC Nazionale;PAC MISE NUOVE AZIONI E MISURE ANTICICLICHE;NAZ;0;
2012MITXXPAC33;2007-2013;PAC;PAC Nazionale;PAC MIT PIANO CITTA';NAZ;0;
2012MITXXPAC32;2007-2013;PAC;PAC Nazionale;PAC MIT SALVAGUARDIA;NAZ;0;
2012MIURXPAC21;2007-2013;PAC;PAC Nazionale;PAC MIUR;NAZ;0;
2012MLPSXPAC21;2007-2013;PAC;PAC Nazionale;PAC MLPS APPRENDISTATO E NEET;NAZ;0;
2014MOXXXPAC00;2007-2013;PAC;PAC Regionale;PAC MOLISE;MOLISE;0;
2016BOXXXPAC00;2007-2013;PAC;PAC Regionale;PAC PA BOLZANO;PA BOLZANO;0;
2012PCMDGPAC21;2007-2013;PAC;PAC Nazionale;PAC PCM GIOVENTU';NAZ;0;
2016PIXXXPAC00;2007-2013;PAC;PAC Regionale;PAC PIEMONTE;PIEMONTE;0;
2012PUXXXPAC00;2007-2013;PAC;PAC Regionale;PAC PUGLIA;PUGLIA;0;
2012SAXXXPAC00;2007-2013;PAC;PAC Regionale;PAC SARDEGNA;SARDEGNA;0;
2012SIXXXPAC00;2007-2013;PAC;PAC Regionale;PAC SICILIA;SICILIA;0;
2013UMXXXPAC00;2007-2013;PAC;PAC Regionale;PAC UMBRIA;UMBRIA;0;Duplicato lato IGRUE
2015UMXXXPAC00;2007-2013;PAC;PACR;PAC UMBRIA;UMBRIA;2;Duplicato lato IGRUE (vuoto)
2012VAXXXPAC00;2007-2013;PAC;PAC Regionale;PAC VALLE D'AOSTA;VALLE D'AOSTA;0;
POCBASILICATA;2014-2020;POC;POC Regionale;POC BASILICATA;BASILICATA;0;
2017POCCALABR1;2014-2020;POC;POC Regionale;POC CALABRIA;CALABRIA;0;Contiene completamenti. Ri-codificato da 2017POCCALABRIA
2016POCCAMPAN01;2014-2020;POC;POC Nazionale;POC CAMPANIA;CAMPANIA;0;
2016POCCULTURA1;2014-2020;POC;POC Nazionale;POC CULTURA;NAZ;0;
2017POCENERGIA;2014-2020;POC;POC Nazionale;POC ENERGIA;NAZ;0;Contiene completamenti
2017POCGOVERN01;2014-2020;POC;POC Nazionale;POC GOVERNANCE;NAZ;0;
2015IGRUEPCI001;2014-2020;POC;POC Nazionale;POC IGRUE;NAZ;0;
2016POCIMPRESE1;2014-2020;POC;POC Nazionale;POC IMPRESE;NAZ;0;
2017POCINFRASTR;2014-2020;POC;POC Nazionale;POC INFRASTRUTTURE;NAZ;0;
2017POCLEGAL01;2014-2020;POC;POC Nazionale;POC LEGALITA';NAZ;0;
2016POCCITMETRO;2014-2020;POC;POC Nazionale;POC METRO;NAZ;0;
POC_CDD_01;2014-2020;POC;POC Regionale;POC MOLISE;MOLISE;0;
2017POCRICERCA1;2014-2020;POC;POC Nazionale;POC RICERCA;NAZ;0;
2018POCSCUOLA;2014-2020;POC;POC Nazionale;POC SCUOLA;NAZ;0;
2017POCSICILIA1;2014-2020;POC;POC Regionale;POC SICILIA;SICILIA;0;
2018POCSPAO;2014-2020;POC;POC Nazionale;POC SPAO;NAZ;0;Era “TEMP_SPAO”
2017POCCTE;2014-2020;POC;POC Nazionale;POC CTE;NAZ;0;
2016POCCAMPAN01_COMP;2014-2020;POC;POC Regionale Completamenti;POC CAMPANIA COMPLETAMENTI;CAMPANIA;6;programma fittizio per completamenti
2016POCCULTURA1_COMP;2014-2020;POC;POC Nazionale Completamenti;POC CULTURA COMPLETAMENTI;NAZ;6;programma fittizio per completamenti
2017POCCALABR1_COMP;2014-2020;POC;POC Regionale Completamenti;POC CALABRIA COMPLETAMENTI;CALABRIA;6;programma fittizio per completamenti
2017POCENERGIA_COMP;2014-2020;POC;POC Nazionale Completamenti;POC ENERGIA COMPLETAMENTI;NAZ;6;programma fittizio per completamenti
2017POCLEGAL01_COMP;2014-2020;POC;POC Nazionale Completamenti;POC LEGALITA' COMPLETAMENTI;NAZ;6;programma fittizio per completamenti
2017POCSICILIA1_COMP;2014-2020;POC;POC Regionale Completamenti;POC SICILIA COMPLETAMENTI;SICILIA;6;programma fittizio per completamenti
2016MBCSGFSC006:::2015IGRUEPCI001;2014-2020;POC;PON;POC IGRUE:::PIANO STRALCIO CULTURA E TURISMO;NAZ;1;Verificare cosa c’entra il POC IGRUE
2020DAPROGR_1;2014-2020;POC;POC Nazionale;Da Programmare ANPAL;NAZ;1;
2020DAPROGR_2;2014-2020;POC;POC Regionale;RESIDUO SICILIA;SICILIA;1;
POCPUGLIA;2014-2020;POC;POC Regionale;POC PUGLIA;PUGLIA;1;
SNAI;2014-2020;SNAI;SNAI;SNAI;NAZ;8;Aggiunto per FUTURA
2017AREAINTABRU;2014-2020;SNAI;SNAI;SNAI ABRUZZO;ABRUZZO;0;
AREEINTASSTEC;2014-2020;SNAI;SNAI;SNAI ASSISTENZA TECNICA;NAZ;0;
2017AREAINTCAMP;2014-2020;SNAI;SNAI;SNAI CAMPANIA;CAMPANIA;0;
2018AREAINTFRI;2014-2020;SNAI;SNAI;SNAI FRIULI-VENEZIA GIULIA;FRIULI-VENEZIA GIULIA;0;
2018AREAINTLIG;2014-2020;SNAI;SNAI;SNAI LIGURIA;LIGURIA;0;
2017AREAINTLOMB;2014-2020;SNAI;SNAI;SNAI LOMBARDIA;LOMBARDIA;0;
2017AREAINTMARC;2014-2020;SNAI;SNAI;SNAI MARCHE;MARCHE;0;
2019AREAINTMOL;2014-2020;SNAI;SNAI;SNAI MOLISE;MOLISE;0;
2019AREAINTTREN;2014-2020;SNAI;SNAI;SNAI PA TRENTO;PA TRENTO;0;
2018AREAINTPIEM;2014-2020;SNAI;SNAI;SNAI PIEMONTE;PIEMONTE;0;
2018AREAINTSICI;2014-2020;SNAI;SNAI;SNAI SICILIA;SICILIA;0;
2018AREAINTTOSC;2014-2020;SNAI;SNAI;SNAI TOSCANA;TOSCANA;0;
2018AREAINTUMB;2014-2020;SNAI;SNAI;SNAI UMBRIA;UMBRIA;0;
2018AREAINTVALD;2014-2020;SNAI;SNAI;SNAI VALLE D'AOSTA;VALLE D'AOSTA;0;
2019AREAINTVEN;2014-2020;SNAI;SNAI;SNAI VENETO;VENETO;0;
2019AREAINTEMIL;2014-2020;SNAI;SNAI;SNAI EMILIA-ROMAGNA;EMILIA-ROMAGNA;0;
2019AREAINTBASI;2014-2020;SNAI;SNAI;SNAI BASILICATA;BASILICATA;0;
2019AREAINTSARD;2014-2020;SNAI;SNAI;SNAI SARDEGNA;SARDEGNA;0;
2019AREAINTPUGL;2014-2020;SNAI;SNAI;SNAI PUGLIA;PUGLIA;0;
TEMP_SNAI_CALABRIA;2014-2020;SNAI;SNAI;SNAI CALABRIA;CALABRIA;0;
2020AREAINTLAZ;2014-2020;SNAI;SNAI;SNAI LAZIO;LAZIO;0;
2014IT05M9OP001;2014-2020;YEI-FSE;PON;PON INIZIATIVA OCCUPAZIONE GIOVANI;NAZ;0;era solo YEI prima di 0.2.0
2016POCIMPRESE1_COMP;2014-2020;POC;COMPLETAMENTI;POC IMPRESA COMPLETAMENTI;NAZ;6;programma fittizio per completamenti
2016MEFDTFSC001:::2016PATTICAMP;2014-2020;FSC;ALTRI CIPE;METANIZZAZIONE + PATTO CAMPANIA;NAZ;1;
2017AREAINTABRU:::2016PATTIABR;2014-2020;FSC;PATTI;PATTO + SNAI ABRUZZO;ABRUZZO;1;Solo finanziamento FSC
2014IT16RFOP010:::2016PATTICAMP;2014-2020;FESR;POR;POR FESR LAZIO;LAZIO;1;CHK: lazio e campania?
