CUP_COD_SETTORE;CUP_DESCR_SETTORE;CUP_COD_SOTTOSETTORE;CUP_DESCR_SOTTOSETTORE;CUP_COD_CATEGORIA;CUP_DESCR_CATEGORIA;QUERY;NOTE
01;INFRASTRUTTURE DI TRASPORTO;01;STRADALI;011;AUTOSTRADE;0;
01;INFRASTRUTTURE DI TRASPORTO;01;STRADALI;012;STRADE STATALI;0;
01;INFRASTRUTTURE DI TRASPORTO;01;STRADALI;013;STRADE REGIONALI, PROVINCIALI E COMUNALI;0;
01;INFRASTRUTTURE DI TRASPORTO;01;STRADALI;014;PISTE CICLABILI;0;
01;INFRASTRUTTURE DI TRASPORTO;01;STRADALI;015;STRADE RURALI;0;
01;INFRASTRUTTURE DI TRASPORTO;01;STRADALI;999;ALTRE STRUTTURE/INFRASTRUTTURE STRADALI;0;
01;INFRASTRUTTURE DI TRASPORTO;02;AEROPORTUALI;021;PISTE;0;
01;INFRASTRUTTURE DI TRASPORTO;02;AEROPORTUALI;022;AEROSTAZIONI;0;
01;INFRASTRUTTURE DI TRASPORTO;02;AEROPORTUALI;999;ALTRE STRUTTURE/INFRASTRUTTURE AEROPORTUALI;0;
01;INFRASTRUTTURE DI TRASPORTO;03;FERROVIE;031;LINEE FERROVIARIE;0;
01;INFRASTRUTTURE DI TRASPORTO;03;FERROVIE;036;STAZIONE E TERMINALI;0;
01;INFRASTRUTTURE DI TRASPORTO;03;FERROVIE;999;ALTRE STRUTTURE/INFRASTRUTTURE FERROVIARIE;0;
01;INFRASTRUTTURE DI TRASPORTO;04;MARITTIME LACUALI E FLUVIALI;041;PORTI COMMERCIALI;0;
01;INFRASTRUTTURE DI TRASPORTO;04;MARITTIME LACUALI E FLUVIALI;043;PORTI PER LA PESCA;0;
01;INFRASTRUTTURE DI TRASPORTO;04;MARITTIME LACUALI E FLUVIALI;045;PORTI TURISTICI;0;
01;INFRASTRUTTURE DI TRASPORTO;04;MARITTIME LACUALI E FLUVIALI;999;ALTRE STRUTTURE/INFRASTRUTTURE MARITTIME E FLUVIALI;0;
01;INFRASTRUTTURE DI TRASPORTO;05;TRASPORTO URBANO;032;LINEE METROPOLITANE E TRAMVIARIE;0;
01;INFRASTRUTTURE DI TRASPORTO;05;TRASPORTO URBANO;036;SISTEMI INTEGRATI E DI TRASPORTO INTELLIGENTI PER LA MOBILITA' SOSTENIBILE;0;
01;INFRASTRUTTURE DI TRASPORTO;05;TRASPORTO URBANO;157;SISTEMI DI PARCHEGGIO E INTERSCAMBIO;0;
01;INFRASTRUTTURE DI TRASPORTO;05;TRASPORTO URBANO;999;ALTRI STRUTTURE/INFRASTRUTTURE DI TRASPORTO URBANE;0;
01;INFRASTRUTTURE DI TRASPORTO;06;TRASPORTI MULTIMODALI E ALTRE MODALITA' DI TRASPORTO;033;FUNIVIE, SEGGIOVIE, FUNICOLARI;0;
01;INFRASTRUTTURE DI TRASPORTO;06;TRASPORTI MULTIMODALI E ALTRE MODALITA' DI TRASPORTO;034;SISTEMI DI TRASPORTO INTELLIGENTI;0;
01;INFRASTRUTTURE DI TRASPORTO;06;TRASPORTI MULTIMODALI E ALTRE MODALITA' DI TRASPORTO;035;TRASPORTI MULTIMODALI ED INTERPORTI;0;
01;INFRASTRUTTURE DI TRASPORTO;06;TRASPORTI MULTIMODALI E ALTRE MODALITA' DI TRASPORTO;999;ALTRE MODALITA' DI TRASPORTO;0;
02;INFRASTRUTTURE AMBIENTALI E RISORSE IDRICHE;05;DIFESA DEL SUOLO;044;SPIAGGE;0;
02;INFRASTRUTTURE AMBIENTALI E RISORSE IDRICHE;05;DIFESA DEL SUOLO;120;BONIFICA DI SITI;0;
02;INFRASTRUTTURE AMBIENTALI E RISORSE IDRICHE;05;DIFESA DEL SUOLO;122;FORESTE;0;
02;INFRASTRUTTURE AMBIENTALI E RISORSE IDRICHE;05;DIFESA DEL SUOLO;141;ABITATI;0;
02;INFRASTRUTTURE AMBIENTALI E RISORSE IDRICHE;05;DIFESA DEL SUOLO;142;STRUTTURE/INFRASTRUTTURE A RISCHIO SISMICO;0;
02;INFRASTRUTTURE AMBIENTALI E RISORSE IDRICHE;05;DIFESA DEL SUOLO;999;ALTRE INFRASTRUTTURE/STRUTTURE DI DIFESA DEL SUOLO;0;
02;INFRASTRUTTURE AMBIENTALI E RISORSE IDRICHE;10;SMALTIMENTO RIFIUTI;115;IMPIANTI DI TRATTAMENTO RIFIUTI URBANI;0;
02;INFRASTRUTTURE AMBIENTALI E RISORSE IDRICHE;10;SMALTIMENTO RIFIUTI;116;IMPIANTI DI TRATTAMENTO RIFIUTI SPECIALI;0;
02;INFRASTRUTTURE AMBIENTALI E RISORSE IDRICHE;10;SMALTIMENTO RIFIUTI;117;IMPIANTI PER LA GESTIONE DELLA RACCOLTA DIFFERENZIATA;0;
02;INFRASTRUTTURE AMBIENTALI E RISORSE IDRICHE;10;SMALTIMENTO RIFIUTI;118;SISTEMI DI RACCOLTA DIFFERENZIATA DEI RIFIUTI URBANI;0;
02;INFRASTRUTTURE AMBIENTALI E RISORSE IDRICHE;10;SMALTIMENTO RIFIUTI;999;ALTRE STRUTTURE/INFRASTRUTTURE DI SMALTIMENTO RIFIUTI;0;
02;INFRASTRUTTURE AMBIENTALI E RISORSE IDRICHE;11;PROTEZIONE, VALORIZZAZIONE E FRUIZIONE DELL'AMBIENTE;117;STRUTTURE PER LA QUALITA' DELL'ARIA;0;
02;INFRASTRUTTURE AMBIENTALI E RISORSE IDRICHE;11;PROTEZIONE, VALORIZZAZIONE E FRUIZIONE DELL'AMBIENTE;118;SITI NATURALI E RURALI;0;
02;INFRASTRUTTURE AMBIENTALI E RISORSE IDRICHE;11;PROTEZIONE, VALORIZZAZIONE E FRUIZIONE DELL'AMBIENTE;119;INFRASTRUTTURE VERDI;0;
02;INFRASTRUTTURE AMBIENTALI E RISORSE IDRICHE;11;PROTEZIONE, VALORIZZAZIONE E FRUIZIONE DELL'AMBIENTE;120;STRUTTURE PER PROTEZIONE DAL RUMORE;0;
02;INFRASTRUTTURE AMBIENTALI E RISORSE IDRICHE;11;PROTEZIONE, VALORIZZAZIONE E FRUIZIONE DELL'AMBIENTE;122;PARCHI E RISERVE AREE PROTETTE;0;
02;INFRASTRUTTURE AMBIENTALI E RISORSE IDRICHE;11;PROTEZIONE, VALORIZZAZIONE E FRUIZIONE DELL'AMBIENTE;124;STRUTTURE PER LA FRUIZIONE DEL PATRIMONIO AMBIENTALE;0;
02;INFRASTRUTTURE AMBIENTALI E RISORSE IDRICHE;11;PROTEZIONE, VALORIZZAZIONE E FRUIZIONE DELL'AMBIENTE;999;ALTRE STRUTTURE/INFRASTRUTTURE PER LA PROTEZIONE, VALORIZZAZIONE E FRUIZIONE AMBIENTALE;0;
02;INFRASTRUTTURE AMBIENTALI E RISORSE IDRICHE;12;RIASSETTO E RECUPERO DI SITI URBANI E PRODUTTIVI;001;AREE DISMESSE;0;
02;INFRASTRUTTURE AMBIENTALI E RISORSE IDRICHE;12;RIASSETTO E RECUPERO DI SITI URBANI E PRODUTTIVI;002;IMPIANTI PER IL TRATTAMENTO DI RIFIUTI SPECIALI;0;
02;INFRASTRUTTURE AMBIENTALI E RISORSE IDRICHE;12;RIASSETTO E RECUPERO DI SITI URBANI E PRODUTTIVI;005;SITI CONTAMINATI E/O DEGRADATI;0;
02;INFRASTRUTTURE AMBIENTALI E RISORSE IDRICHE;12;RIASSETTO E RECUPERO DI SITI URBANI E PRODUTTIVI;999;ALTRE SITI PRODUTTIVI;0;
03;INFRASTRUTTURE DEL SETTORE ENERGETICO;06;PRODUZIONE  DI ENERGIA;001;IMPIANTI DI COGENERAZIONE;0;
03;INFRASTRUTTURE DEL SETTORE ENERGETICO;06;PRODUZIONE  DI ENERGIA;062;IMPIANTI PRODUZIONE TERMOELETTRICA;0;
03;INFRASTRUTTURE DEL SETTORE ENERGETICO;06;PRODUZIONE  DI ENERGIA;069;IMPIANTI PRODUZIONE GAS;0;
03;INFRASTRUTTURE DEL SETTORE ENERGETICO;06;PRODUZIONE  DI ENERGIA;998;ALTRI IMPIANTI PRODUZIONE ENERGIE DA FONTI RINNOVABILI;0;
03;INFRASTRUTTURE DEL SETTORE ENERGETICO;06;PRODUZIONE  DI ENERGIA;999;ALTRI IMPIANTI PER LA PRODUZIONE E L'ESTRAZIONE DI ENERGIA;0;
03;INFRASTRUTTURE DEL SETTORE ENERGETICO;16;DISTRIBUZIONE DI ENERGIA;004;IMPIANTI PER L'EFFICIENZA DELLE RETI E RISPARMIO ENERGETICO;0;
03;INFRASTRUTTURE DEL SETTORE ENERGETICO;16;DISTRIBUZIONE DI ENERGIA;060;RETI DISTRIBUZIONE GAS;0;
03;INFRASTRUTTURE DEL SETTORE ENERGETICO;16;DISTRIBUZIONE DI ENERGIA;065;IMPIANTI DI  TRASMISSIONE DI ENERGIA ELETTRICA;0;
03;INFRASTRUTTURE DEL SETTORE ENERGETICO;16;DISTRIBUZIONE DI ENERGIA;066;IMPIANTI DI DISTRIBUZIONE DI ENERGIA ELETTRICA E TERMICA, CIVILE E INDUSTRIALE;0;
03;INFRASTRUTTURE DEL SETTORE ENERGETICO;16;DISTRIBUZIONE DI ENERGIA;068;ELETTRIFICAZIONI RURALI;0;
03;INFRASTRUTTURE DEL SETTORE ENERGETICO;16;DISTRIBUZIONE DI ENERGIA;142;METANODOTTI GASDOTTI E SIMILI;0;
03;INFRASTRUTTURE DEL SETTORE ENERGETICO;16;DISTRIBUZIONE DI ENERGIA;999;ALTRI IMPIANTI DI DISTRIBUZIONE ENERGIA;0;
04;INFRASTRUTTURE PER L'ATTREZZATURA DI AREE PRODUTTIVE;39;INFRASTRUTTURE PER L'ATTREZZATURA DI AREE PRODUTTIVE;144;INFRASTRUTTURE CIVILI PER AREE INDUSTRIALI;0;
04;INFRASTRUTTURE PER L'ATTREZZATURA DI AREE PRODUTTIVE;39;INFRASTRUTTURE PER L'ATTREZZATURA DI AREE PRODUTTIVE;145;SISTEMAZIONE DEI TERRENI E RICONVERSIONE AREE INDUSTRIALI;0;
04;INFRASTRUTTURE PER L'ATTREZZATURA DI AREE PRODUTTIVE;39;INFRASTRUTTURE PER L'ATTREZZATURA DI AREE PRODUTTIVE;999;ALTRE INFRASTRUTTURE PER ATTREZZATURE DI AREE PRODUTTIVE;0;
05;INFRASTRUTTURE SOCIALI;08;SOCIALI E SCOLASTICHE;081;EDIFICI SOCIALI, CULTURALI E ASSISTENZIALI;0;
05;INFRASTRUTTURE SOCIALI;08;SOCIALI E SCOLASTICHE;082;ASILI NIDO;0;
05;INFRASTRUTTURE SOCIALI;08;SOCIALI E SCOLASTICHE;083;SCUOLE MATERNE;0;
05;INFRASTRUTTURE SOCIALI;08;SOCIALI E SCOLASTICHE;085;UNIVERSITA';0;
05;INFRASTRUTTURE SOCIALI;08;SOCIALI E SCOLASTICHE;086;ALTRI EDIFICI SCOLASTICI;0;
05;INFRASTRUTTURE SOCIALI;08;SOCIALI E SCOLASTICHE;087;SCUOLE ELEMENTARI, MEDIE E SUPERIORI;0;
05;INFRASTRUTTURE SOCIALI;08;SOCIALI E SCOLASTICHE;999;ALTRE STRUTTURE SOCIALI;0;
05;INFRASTRUTTURE SOCIALI;10;ABITATIVE;100;ABITAZIONI RURALI E BORGHI RURALI;0;
05;INFRASTRUTTURE SOCIALI;10;ABITATIVE;103;FABBRICATI RESIDENZIALI URBANI;0;
05;INFRASTRUTTURE SOCIALI;10;ABITATIVE;104;EDIFICI DANNEGGIATI DA CALAMITA' NATURALI;0;
05;INFRASTRUTTURE SOCIALI;10;ABITATIVE;105;INFRASTRUTTURE CIVILI PER COMPLESSI RESIDENZIALI;0;
05;INFRASTRUTTURE SOCIALI;10;ABITATIVE;106;RESIDENZE PER COMUNITA';0;
05;INFRASTRUTTURE SOCIALI;10;ABITATIVE;999;ALTRI EDIFICI ABITATIVI;0;
05;INFRASTRUTTURE SOCIALI;11;BENI CULTURALI;093;MONUMENTI;0;
05;INFRASTRUTTURE SOCIALI;11;BENI CULTURALI;095;AREE ARCHEOLOGICHE;0;
05;INFRASTRUTTURE SOCIALI;11;BENI CULTURALI;096;RESTAURO E RIQUALIFICAZIONE DI BENI CULTURALI;0;
05;INFRASTRUTTURE SOCIALI;11;BENI CULTURALI;097;MUSEI ARCHIVI E BIBLIOTECHE;0;
05;INFRASTRUTTURE SOCIALI;11;BENI CULTURALI;098;PATRIMONIO RURALE;0;
05;INFRASTRUTTURE SOCIALI;11;BENI CULTURALI;099;BENI CULTURALI MOBILI;0;
05;INFRASTRUTTURE SOCIALI;11;BENI CULTURALI;999;ALTRI BENI CULTURALI;0;
05;INFRASTRUTTURE SOCIALI;12;SPORT, SPETTACOLO E TEMPO LIBERO;098;IMPIANTI SPORTIVI;0;
05;INFRASTRUTTURE SOCIALI;12;SPORT, SPETTACOLO E TEMPO LIBERO;100;TEATRI ED ALTRE STRUTTURE PER LO SPETTACOLO;0;
05;INFRASTRUTTURE SOCIALI;12;SPORT, SPETTACOLO E TEMPO LIBERO;101;STRUTTURE FIERISTICHE E CONGRESSUALI;0;
05;INFRASTRUTTURE SOCIALI;12;SPORT, SPETTACOLO E TEMPO LIBERO;999;ALTRE STRUTTURE RICREATIVE;0;
05;INFRASTRUTTURE SOCIALI;30;SANITARIE;111;STRUTTURE OSPEDALIERE;0;
05;INFRASTRUTTURE SOCIALI;30;SANITARIE;130;ALTRE STRUTTURE PER L'IGIENE LA PROFILASSI E LA TUTELA DELLA SALUTE;0;
05;INFRASTRUTTURE SOCIALI;30;SANITARIE;150;ALTRI PRESIDI SANITARI TERRITORIALI;0;
05;INFRASTRUTTURE SOCIALI;30;SANITARIE;153;RESIDENZE SANITARIE ASSISTENZIALI;0;
05;INFRASTRUTTURE SOCIALI;30;SANITARIE;999;ALTRE STRUTTURE SANITARIE;0;
05;INFRASTRUTTURE SOCIALI;31;CULTO;001;CHIESE;0;
05;INFRASTRUTTURE SOCIALI;31;CULTO;002;EDIFICI PER SERVIZI RELIGIOSI;0;
05;INFRASTRUTTURE SOCIALI;31;CULTO;003;CONVENTI;0;
05;INFRASTRUTTURE SOCIALI;31;CULTO;999;ALTRI EDIFICI PER IL CULTO;0;
05;INFRASTRUTTURE SOCIALI;32;DIFESA;090;CASERME;0;
05;INFRASTRUTTURE SOCIALI;32;DIFESA;999;ALTRE STRUTTURE/INFRASTRUTTURE MILITARI;0;
05;INFRASTRUTTURE SOCIALI;33;DIREZIONALI E AMMINISTRATIVE;001;STRUTTURE/INFRASTRUTTURE PER SEDI DI ORGANI ISTITUZIONALI;0;
05;INFRASTRUTTURE SOCIALI;33;DIREZIONALI E AMMINISTRATIVE;003;STRUTTURE/INFRASTRUTTURE PER SEDI DELLA PUBBLICA AMMINISTRAZIONE;0;
05;INFRASTRUTTURE SOCIALI;33;DIREZIONALI E AMMINISTRATIVE;004;EDIFICI E INFRASTRUTTURE PER UFFICI;0;
05;INFRASTRUTTURE SOCIALI;33;DIREZIONALI E AMMINISTRATIVE;999;ALTRE STRUTTURE/INFRASTRUTTURE DIREZIONALI E AMMINISTRATIVE;0;
05;INFRASTRUTTURE SOCIALI;34;GIUDIZIARIE E PENITENZIARIE;092;STRUTTURE/INFRASTRUTTURE PENITENZIARIE;0;
05;INFRASTRUTTURE SOCIALI;34;GIUDIZIARIE E PENITENZIARIE;094;PRETURE E TRIBUNALI;0;
05;INFRASTRUTTURE SOCIALI;34;GIUDIZIARIE E PENITENZIARIE;999;ALTRE STRUTTURE/INFRASTRUTTURE GIUDIZIARIE;0;
05;INFRASTRUTTURE SOCIALI;36;PUBBLICA SICUREZZA;001;COMMISSARIATI;0;
05;INFRASTRUTTURE SOCIALI;36;PUBBLICA SICUREZZA;002;EDIFICI ED INFRASTRUTTURE PER LA PROTEZIONE CIVILE;0;
05;INFRASTRUTTURE SOCIALI;36;PUBBLICA SICUREZZA;999;ALTRE STRUTTURE/INFRASTRUTTURE PER LA PUBBLICA SICUREZZA;0;
05;INFRASTRUTTURE SOCIALI;99;ALTRE INFRASTRUTTURE SOCIALI;096;CIMITERI;0;
05;INFRASTRUTTURE SOCIALI;99;ALTRE INFRASTRUTTURE SOCIALI;191;ARREDO URBANO;0;
05;INFRASTRUTTURE SOCIALI;99;ALTRE INFRASTRUTTURE SOCIALI;192;VERDE PUBBLICO;0;
05;INFRASTRUTTURE SOCIALI;99;ALTRE INFRASTRUTTURE SOCIALI;193;ILLUMINAZIONE PUBBLICA;0;
05;INFRASTRUTTURE SOCIALI;99;ALTRE INFRASTRUTTURE SOCIALI;999;ALTRE INFRASTRUTTURE;0;
06;OPERE, IMPIANTI ED ATTREZZATURE PER ATTIVITA' PRODUTTIVE, E LA RICERCA E L'IMPRESA SOCIALE;02;OPERE, IMPIANTI ED ATTREZZATURE PER IL SETTORE SILVO-FORESTALE;001;FORESTAZIONE PRODUTTIVA;0;
06;OPERE, IMPIANTI ED ATTREZZATURE PER ATTIVITA' PRODUTTIVE, E LA RICERCA E L'IMPRESA SOCIALE;02;OPERE, IMPIANTI ED ATTREZZATURE PER IL SETTORE SILVO-FORESTALE;002;OPERE PER L'ACCRESCIMENTO DELLA RESILIENZA E DEL PREGIO AMBIENTALE DEGLI ECOSISTEMI FORESTALI;0;
06;OPERE, IMPIANTI ED ATTREZZATURE PER ATTIVITA' PRODUTTIVE, E LA RICERCA E L'IMPRESA SOCIALE;02;OPERE, IMPIANTI ED ATTREZZATURE PER IL SETTORE SILVO-FORESTALE;003;INFRASTRUTTURE A SERVIZIO DELLE AZIENDE FORESTALI;0;
06;OPERE, IMPIANTI ED ATTREZZATURE PER ATTIVITA' PRODUTTIVE, E LA RICERCA E L'IMPRESA SOCIALE;02;OPERE, IMPIANTI ED ATTREZZATURE PER IL SETTORE SILVO-FORESTALE;005;IMPIANTI PER LA RACCOLTA, LA TRASFORMAZIONE E LA COMMERCIALIZZAZIONE DI PRODOTTI FORESTALI;0;
06;OPERE, IMPIANTI ED ATTREZZATURE PER ATTIVITA' PRODUTTIVE, E LA RICERCA E L'IMPRESA SOCIALE;02;OPERE, IMPIANTI ED ATTREZZATURE PER IL SETTORE SILVO-FORESTALE;006;MEZZI ED IMPIANTI PER LA PREVENZIONE E IL RIPRISTINO DA CALAMITA' NATURALI;0;
06;OPERE, IMPIANTI ED ATTREZZATURE PER ATTIVITA' PRODUTTIVE, E LA RICERCA E L'IMPRESA SOCIALE;02;OPERE, IMPIANTI ED ATTREZZATURE PER IL SETTORE SILVO-FORESTALE;007;ATTREZZATURE, MACCHINARI E MEZZI TECNICI PER IL LAVORO FORESTALE;0;
06;OPERE, IMPIANTI ED ATTREZZATURE PER ATTIVITA' PRODUTTIVE, E LA RICERCA E L'IMPRESA SOCIALE;02;OPERE, IMPIANTI ED ATTREZZATURE PER IL SETTORE SILVO-FORESTALE;033;CREAZIONE NUOVE FORME DI COOPERAZIONE PRODUTTIVA E COMMERCIALE;0;
06;OPERE, IMPIANTI ED ATTREZZATURE PER ATTIVITA' PRODUTTIVE, E LA RICERCA E L'IMPRESA SOCIALE;02;OPERE, IMPIANTI ED ATTREZZATURE PER IL SETTORE SILVO-FORESTALE;129;STRUTTURE PER COLTIVAZIONI FORESTALI (VIVAI, ECC);0;
06;OPERE, IMPIANTI ED ATTREZZATURE PER ATTIVITA' PRODUTTIVE, E LA RICERCA E L'IMPRESA SOCIALE;02;OPERE, IMPIANTI ED ATTREZZATURE PER IL SETTORE SILVO-FORESTALE;999;ALTRE OPERE PER IL SETTORE SILVO-PASTORALE;0;
06;OPERE, IMPIANTI ED ATTREZZATURE PER ATTIVITA' PRODUTTIVE, E LA RICERCA E L'IMPRESA SOCIALE;13;OPERE,  IMPIANTI ED ATTREZZATURE PER L'AGRICOLTURA, LA ZOOTECNIA E L'AGROALIMENTARE;026;INFRASTRUTTURE A SERVIZIO DELLE AZIENDE AGRICOLE;0;
06;OPERE, IMPIANTI ED ATTREZZATURE PER ATTIVITA' PRODUTTIVE, E LA RICERCA E L'IMPRESA SOCIALE;13;OPERE,  IMPIANTI ED ATTREZZATURE PER L'AGRICOLTURA, LA ZOOTECNIA E L'AGROALIMENTARE;027;INTRODUZIONE DI SISTEMI PER IL CONTROLLO DELLA QUALITA' DEI PRODOTTI;0;
06;OPERE, IMPIANTI ED ATTREZZATURE PER ATTIVITA' PRODUTTIVE, E LA RICERCA E L'IMPRESA SOCIALE;13;OPERE,  IMPIANTI ED ATTREZZATURE PER L'AGRICOLTURA, LA ZOOTECNIA E L'AGROALIMENTARE;030;IMPIANTI ED ATTREZZATURE PER LA DIVERSIFICAZIONE DELLE ATTIVITA' O PLURIATTIVITA' IN AZIENDE AGRICOLE (INCL. INV. PER LA PRODUZIONE ENERGETICA DA FONTI RINNOVABILI);0;
06;OPERE, IMPIANTI ED ATTREZZATURE PER ATTIVITA' PRODUTTIVE, E LA RICERCA E L'IMPRESA SOCIALE;13;OPERE,  IMPIANTI ED ATTREZZATURE PER L'AGRICOLTURA, LA ZOOTECNIA E L'AGROALIMENTARE;031;INVESTIMENTI NON PRODUTTIVI A FINALITA' AGRO-CLIMATICO-AMBIENTALE (INCLUSI INVESTIMENTI PER LA PRODUZIONE ENERGETICA DA FONTI RINNOVABILI);0;
06;OPERE, IMPIANTI ED ATTREZZATURE PER ATTIVITA' PRODUTTIVE, E LA RICERCA E L'IMPRESA SOCIALE;13;OPERE,  IMPIANTI ED ATTREZZATURE PER L'AGRICOLTURA, LA ZOOTECNIA E L'AGROALIMENTARE;032;MEZZI E IMPIANTI PER IL RIPRISTINO E LA PREVENZIONE DA EVENTI CALAMITOSI;0;
06;OPERE, IMPIANTI ED ATTREZZATURE PER ATTIVITA' PRODUTTIVE, E LA RICERCA E L'IMPRESA SOCIALE;13;OPERE,  IMPIANTI ED ATTREZZATURE PER L'AGRICOLTURA, LA ZOOTECNIA E L'AGROALIMENTARE;033;CREAZIONE NUOVE FORME DI COOPERAZIONE PRODUTTIVA E COMMERCIALE;0;
06;OPERE, IMPIANTI ED ATTREZZATURE PER ATTIVITA' PRODUTTIVE, E LA RICERCA E L'IMPRESA SOCIALE;13;OPERE,  IMPIANTI ED ATTREZZATURE PER L'AGRICOLTURA, LA ZOOTECNIA E L'AGROALIMENTARE;034;BENESSERE ANIMALI;0;
06;OPERE, IMPIANTI ED ATTREZZATURE PER ATTIVITA' PRODUTTIVE, E LA RICERCA E L'IMPRESA SOCIALE;13;OPERE,  IMPIANTI ED ATTREZZATURE PER L'AGRICOLTURA, LA ZOOTECNIA E L'AGROALIMENTARE;035;TRASFERIMENTO  DELL'AZIENDA A UN ALTRO AGRICOLTORE;0;
06;OPERE, IMPIANTI ED ATTREZZATURE PER ATTIVITA' PRODUTTIVE, E LA RICERCA E L'IMPRESA SOCIALE;13;OPERE,  IMPIANTI ED ATTREZZATURE PER L'AGRICOLTURA, LA ZOOTECNIA E L'AGROALIMENTARE;036;SVILUPPO  E SOSTEGNO DI FORME ASSOCIATIVE;0;
06;OPERE, IMPIANTI ED ATTREZZATURE PER ATTIVITA' PRODUTTIVE, E LA RICERCA E L'IMPRESA SOCIALE;13;OPERE,  IMPIANTI ED ATTREZZATURE PER L'AGRICOLTURA, LA ZOOTECNIA E L'AGROALIMENTARE;037;PREMI ASSICURATIVI E FONDI MUTUALIZZAZIONE;0;
06;OPERE, IMPIANTI ED ATTREZZATURE PER ATTIVITA' PRODUTTIVE, E LA RICERCA E L'IMPRESA SOCIALE;13;OPERE,  IMPIANTI ED ATTREZZATURE PER L'AGRICOLTURA, LA ZOOTECNIA E L'AGROALIMENTARE;130;"STRUTTURE PER COLTIVAZIONI AGRICOLE PROTETTE (SERRE; ECC.)";0;
06;OPERE, IMPIANTI ED ATTREZZATURE PER ATTIVITA' PRODUTTIVE, E LA RICERCA E L'IMPRESA SOCIALE;13;OPERE,  IMPIANTI ED ATTREZZATURE PER L'AGRICOLTURA, LA ZOOTECNIA E L'AGROALIMENTARE;131;OPERE SU IMPIANTI PRODUTTIVI (COLTIVAZIONI) AGRICOLI;0;
06;OPERE, IMPIANTI ED ATTREZZATURE PER ATTIVITA' PRODUTTIVE, E LA RICERCA E L'IMPRESA SOCIALE;13;OPERE,  IMPIANTI ED ATTREZZATURE PER L'AGRICOLTURA, LA ZOOTECNIA E L'AGROALIMENTARE;133;MIGLIORAMENTI FONDIARI AZIENDALI;0;
06;OPERE, IMPIANTI ED ATTREZZATURE PER ATTIVITA' PRODUTTIVE, E LA RICERCA E L'IMPRESA SOCIALE;13;OPERE,  IMPIANTI ED ATTREZZATURE PER L'AGRICOLTURA, LA ZOOTECNIA E L'AGROALIMENTARE;134;FABBRICATI RURALI;0;
06;OPERE, IMPIANTI ED ATTREZZATURE PER ATTIVITA' PRODUTTIVE, E LA RICERCA E L'IMPRESA SOCIALE;13;OPERE,  IMPIANTI ED ATTREZZATURE PER L'AGRICOLTURA, LA ZOOTECNIA E L'AGROALIMENTARE;137;IMPIANTI, MACCHINARI MEZZI TECNICI E INVESTIMENTI IMMATERIALI PER LE AZIENDE AGRICOLE E AGROALIMENTARI;0;
06;OPERE, IMPIANTI ED ATTREZZATURE PER ATTIVITA' PRODUTTIVE, E LA RICERCA E L'IMPRESA SOCIALE;13;OPERE,  IMPIANTI ED ATTREZZATURE PER L'AGRICOLTURA, LA ZOOTECNIA E L'AGROALIMENTARE;138;STRUTTURE PER LA ZOOTECNIA;0;
06;OPERE, IMPIANTI ED ATTREZZATURE PER ATTIVITA' PRODUTTIVE, E LA RICERCA E L'IMPRESA SOCIALE;13;OPERE,  IMPIANTI ED ATTREZZATURE PER L'AGRICOLTURA, LA ZOOTECNIA E L'AGROALIMENTARE;150;IMPIANTI COLLETTIVI PER LA TUTELA DELLA QUALITA' E PER LO SVILUPPO DI FORME ASSOCIATIVE DEI PRODUTTORI;0;
06;OPERE, IMPIANTI ED ATTREZZATURE PER ATTIVITA' PRODUTTIVE, E LA RICERCA E L'IMPRESA SOCIALE;13;OPERE,  IMPIANTI ED ATTREZZATURE PER L'AGRICOLTURA, LA ZOOTECNIA E L'AGROALIMENTARE;151;INTERVENTI PER LA RICOMPOSIZIONE FONDIARIA;0;
06;OPERE, IMPIANTI ED ATTREZZATURE PER ATTIVITA' PRODUTTIVE, E LA RICERCA E L'IMPRESA SOCIALE;13;OPERE,  IMPIANTI ED ATTREZZATURE PER L'AGRICOLTURA, LA ZOOTECNIA E L'AGROALIMENTARE;152;COMPENSAZIONI SETTORE AGRICOLO E FORESTALE E DELLA PESCA ED ACQUACOLTURA;0;
06;OPERE, IMPIANTI ED ATTREZZATURE PER ATTIVITA' PRODUTTIVE, E LA RICERCA E L'IMPRESA SOCIALE;13;OPERE,  IMPIANTI ED ATTREZZATURE PER L'AGRICOLTURA, LA ZOOTECNIA E L'AGROALIMENTARE;153;SOSTEGNO IN AMBITO AGRO - SILVO AMBIENTALE;0;
06;OPERE, IMPIANTI ED ATTREZZATURE PER ATTIVITA' PRODUTTIVE, E LA RICERCA E L'IMPRESA SOCIALE;13;OPERE,  IMPIANTI ED ATTREZZATURE PER L'AGRICOLTURA, LA ZOOTECNIA E L'AGROALIMENTARE;154;FABBRICATI AGROINDUSTRIALI;0;
06;OPERE, IMPIANTI ED ATTREZZATURE PER ATTIVITA' PRODUTTIVE, E LA RICERCA E L'IMPRESA SOCIALE;13;OPERE,  IMPIANTI ED ATTREZZATURE PER L'AGRICOLTURA, LA ZOOTECNIA E L'AGROALIMENTARE;999;ALTRE OPERE E STRUTTURE PER L'AGRICOLTURA;0;
06;OPERE, IMPIANTI ED ATTREZZATURE PER ATTIVITA' PRODUTTIVE, E LA RICERCA E L'IMPRESA SOCIALE;14;IMPIANTI  ED ATTREZZATURE PER LA PESCA E L'ACQUACOLTURA;139;IMPIANTI DI ACQUACOLTURA;0;
06;OPERE, IMPIANTI ED ATTREZZATURE PER ATTIVITA' PRODUTTIVE, E LA RICERCA E L'IMPRESA SOCIALE;14;IMPIANTI  ED ATTREZZATURE PER LA PESCA E L'ACQUACOLTURA;143;STRUTTURE PER LA TRASFORMAZIONE E COMMERCIALIZZAZIONE DEI PRODOTTI DELLA PESCA ED ACQUACOLTURA;0;
06;OPERE, IMPIANTI ED ATTREZZATURE PER ATTIVITA' PRODUTTIVE, E LA RICERCA E L'IMPRESA SOCIALE;14;IMPIANTI  ED ATTREZZATURE PER LA PESCA E L'ACQUACOLTURA;144;MEZZI, OPERE ED ATTREZZATURE PER ATTIVITA' DI PESCA;0;
06;OPERE, IMPIANTI ED ATTREZZATURE PER ATTIVITA' PRODUTTIVE, E LA RICERCA E L'IMPRESA SOCIALE;14;IMPIANTI  ED ATTREZZATURE PER LA PESCA E L'ACQUACOLTURA;145;ATTREZZATURE E MEZZI PER ATTIVITA' DI CONTROLLO DELLA PESCA;0;
06;OPERE, IMPIANTI ED ATTREZZATURE PER ATTIVITA' PRODUTTIVE, E LA RICERCA E L'IMPRESA SOCIALE;14;IMPIANTI  ED ATTREZZATURE PER LA PESCA E L'ACQUACOLTURA;999;ALTRE ATTREZZATURE PER LA PESCA;0;
06;OPERE, IMPIANTI ED ATTREZZATURE PER ATTIVITA' PRODUTTIVE, E LA RICERCA E L'IMPRESA SOCIALE;39;OPERE, IMPIANTI ED ATTREZZATURE PER ATTIVITA' INDUSTRIALI E L'ARTIGIANATO;145;INTRODUZIONE TECNOLOGIE RISPETTOSE DELL'AMBIENTE E DELLA RIDUZIONE DEI CONSUMI;0;
06;OPERE, IMPIANTI ED ATTREZZATURE PER ATTIVITA' PRODUTTIVE, E LA RICERCA E L'IMPRESA SOCIALE;39;OPERE, IMPIANTI ED ATTREZZATURE PER ATTIVITA' INDUSTRIALI E L'ARTIGIANATO;146;STRUTTURE INDUSTRIALI COMUNI ED ALTRI EDIFICI ATTREZZATI;0;
06;OPERE, IMPIANTI ED ATTREZZATURE PER ATTIVITA' PRODUTTIVE, E LA RICERCA E L'IMPRESA SOCIALE;39;OPERE, IMPIANTI ED ATTREZZATURE PER ATTIVITA' INDUSTRIALI E L'ARTIGIANATO;147;CENTRI E LABORATORI ARTIGIANI;0;
06;OPERE, IMPIANTI ED ATTREZZATURE PER ATTIVITA' PRODUTTIVE, E LA RICERCA E L'IMPRESA SOCIALE;39;OPERE, IMPIANTI ED ATTREZZATURE PER ATTIVITA' INDUSTRIALI E L'ARTIGIANATO;149;INIZIATIVE DI ATTRAZIONE INVESTIMENTI E SVILUPPO PRODUTTIVO TERRITORIALE;0;
06;OPERE, IMPIANTI ED ATTREZZATURE PER ATTIVITA' PRODUTTIVE, E LA RICERCA E L'IMPRESA SOCIALE;39;OPERE, IMPIANTI ED ATTREZZATURE PER ATTIVITA' INDUSTRIALI E L'ARTIGIANATO;150;IMPIANTI, MACCHINARI ED ANNESSE OPERE MURARIE;0;
06;OPERE, IMPIANTI ED ATTREZZATURE PER ATTIVITA' PRODUTTIVE, E LA RICERCA E L'IMPRESA SOCIALE;39;OPERE, IMPIANTI ED ATTREZZATURE PER ATTIVITA' INDUSTRIALI E L'ARTIGIANATO;151;INIZIATIVE DI RICONVERSIONE INDUSTRIALE;0;
06;OPERE, IMPIANTI ED ATTREZZATURE PER ATTIVITA' PRODUTTIVE, E LA RICERCA E L'IMPRESA SOCIALE;39;OPERE, IMPIANTI ED ATTREZZATURE PER ATTIVITA' INDUSTRIALI E L'ARTIGIANATO;152;STRUTTURE PER LA LOGISTICA;0;
06;OPERE, IMPIANTI ED ATTREZZATURE PER ATTIVITA' PRODUTTIVE, E LA RICERCA E L'IMPRESA SOCIALE;39;OPERE, IMPIANTI ED ATTREZZATURE PER ATTIVITA' INDUSTRIALI E L'ARTIGIANATO;153;ATTREZZATURE O DOTAZIONI INFORMATICHE;0;
06;OPERE, IMPIANTI ED ATTREZZATURE PER ATTIVITA' PRODUTTIVE, E LA RICERCA E L'IMPRESA SOCIALE;39;OPERE, IMPIANTI ED ATTREZZATURE PER ATTIVITA' INDUSTRIALI E L'ARTIGIANATO;999;ALTRE OPERE ED IMPIANTI PER ATTIVITA' INDUSTRIALI;0;
06;OPERE, IMPIANTI ED ATTREZZATURE PER ATTIVITA' PRODUTTIVE, E LA RICERCA E L'IMPRESA SOCIALE;40;OPERE E INFRASTRUTTURE PER LA RICERCA;156;CENTRI DI RICERCA;0;
06;OPERE, IMPIANTI ED ATTREZZATURE PER ATTIVITA' PRODUTTIVE, E LA RICERCA E L'IMPRESA SOCIALE;40;OPERE E INFRASTRUTTURE PER LA RICERCA;157;LABORATORI ATTREZZATI PER LA RICERCA;0;
06;OPERE, IMPIANTI ED ATTREZZATURE PER ATTIVITA' PRODUTTIVE, E LA RICERCA E L'IMPRESA SOCIALE;40;OPERE E INFRASTRUTTURE PER LA RICERCA;999;ALTRE OPERE ED INFRASTRUTTURE PER LA RICERCA;0;
06;OPERE, IMPIANTI ED ATTREZZATURE PER ATTIVITA' PRODUTTIVE, E LA RICERCA E L'IMPRESA SOCIALE;41;OPERE E STRUTTURE PER IL TURISMO;004;STRUTTURE RICETTIVE PER AGRITURISMO E TURISMO RURALE;0;
06;OPERE, IMPIANTI ED ATTREZZATURE PER ATTIVITA' PRODUTTIVE, E LA RICERCA E L'IMPRESA SOCIALE;41;OPERE E STRUTTURE PER IL TURISMO;155;ALBERGHI;0;
06;OPERE, IMPIANTI ED ATTREZZATURE PER ATTIVITA' PRODUTTIVE, E LA RICERCA E L'IMPRESA SOCIALE;41;OPERE E STRUTTURE PER IL TURISMO;156;CENTRI DI INFORMAZIONE / ACCOGLIENZA;0;
06;OPERE, IMPIANTI ED ATTREZZATURE PER ATTIVITA' PRODUTTIVE, E LA RICERCA E L'IMPRESA SOCIALE;41;OPERE E STRUTTURE PER IL TURISMO;157;ALTRE STRUTTURE DI RICETTIVITA' TURISTICA;0;
06;OPERE, IMPIANTI ED ATTREZZATURE PER ATTIVITA' PRODUTTIVE, E LA RICERCA E L'IMPRESA SOCIALE;41;OPERE E STRUTTURE PER IL TURISMO;999;ALTRE STRUTTURE E IMPIANTI PER IL TURISMO;0;
06;OPERE, IMPIANTI ED ATTREZZATURE PER ATTIVITA' PRODUTTIVE, E LA RICERCA E L'IMPRESA SOCIALE;42;STRUTTURE ED ATTREZZATURE PER IL COMMERCIO E I SERVIZI;149;CENTRI COMMERCIALI;0;
06;OPERE, IMPIANTI ED ATTREZZATURE PER ATTIVITA' PRODUTTIVE, E LA RICERCA E L'IMPRESA SOCIALE;42;STRUTTURE ED ATTREZZATURE PER IL COMMERCIO E I SERVIZI;158;MAGAZZINI;0;
06;OPERE, IMPIANTI ED ATTREZZATURE PER ATTIVITA' PRODUTTIVE, E LA RICERCA E L'IMPRESA SOCIALE;42;STRUTTURE ED ATTREZZATURE PER IL COMMERCIO E I SERVIZI;160;STRUTTURE PER SERVIZI DI ANNONA;0;
06;OPERE, IMPIANTI ED ATTREZZATURE PER ATTIVITA' PRODUTTIVE, E LA RICERCA E L'IMPRESA SOCIALE;42;STRUTTURE ED ATTREZZATURE PER IL COMMERCIO E I SERVIZI;170;IMPIANTI E MACCHINARI PER IL COMMERCIO ED I SERVIZI;0;
06;OPERE, IMPIANTI ED ATTREZZATURE PER ATTIVITA' PRODUTTIVE, E LA RICERCA E L'IMPRESA SOCIALE;42;STRUTTURE ED ATTREZZATURE PER IL COMMERCIO E I SERVIZI;999;ALTRE STRUTTURE PER IL COMMERCIO ED I SERVIZI;0;
06;OPERE, IMPIANTI ED ATTREZZATURE PER ATTIVITA' PRODUTTIVE, E LA RICERCA E L'IMPRESA SOCIALE;43;OPERE E INFRASTRUTTURE PER L'IMPRESA SOCIALE;001;SPAZI E STRUTTURE PER LE ATTIVITA' DI IMPRESA SOCIALE;0;
07;INFRASTRUTTURE PER TELECOMUNICAZIONI E TECNOLOGIE INFORMATICHE;17;INFRASTRUTTURE PER TELECOMUNICAZIONI;171;IMPIANTI RADIOELETTRICI (ANTENNE E TRASMETTITORI);0;
07;INFRASTRUTTURE PER TELECOMUNICAZIONI E TECNOLOGIE INFORMATICHE;17;INFRASTRUTTURE PER TELECOMUNICAZIONI;172;CAVIDOTTI, ALTRE OPERE CIVILI DI CABLAGGIO  E CENTRALINE;0;
07;INFRASTRUTTURE PER TELECOMUNICAZIONI E TECNOLOGIE INFORMATICHE;17;INFRASTRUTTURE PER TELECOMUNICAZIONI;173;POSA CAVI IN DOTTI GIA ESISTENTI;0;
07;INFRASTRUTTURE PER TELECOMUNICAZIONI E TECNOLOGIE INFORMATICHE;17;INFRASTRUTTURE PER TELECOMUNICAZIONI;174;CABLAGGIO INTERNO AD EDIFICI E DI RETI LOCALI;0;
07;INFRASTRUTTURE PER TELECOMUNICAZIONI E TECNOLOGIE INFORMATICHE;17;INFRASTRUTTURE PER TELECOMUNICAZIONI;175;IMPIANTI WIRELESS;0;
07;INFRASTRUTTURE PER TELECOMUNICAZIONI E TECNOLOGIE INFORMATICHE;17;INFRASTRUTTURE PER TELECOMUNICAZIONI;176;SISTEMI ED IMPIANTI DI CONTROLLO E VIDEOSORVEGLIANZA;0;
07;INFRASTRUTTURE PER TELECOMUNICAZIONI E TECNOLOGIE INFORMATICHE;17;INFRASTRUTTURE PER TELECOMUNICAZIONI;999;ALTRE OPERE ED IMPIANTI PER TELECOMUNICAZIONE;0;
07;INFRASTRUTTURE PER TELECOMUNICAZIONI E TECNOLOGIE INFORMATICHE;18;TECNOLOGIE INFORMATICHE;181;LOCALI ATTREZZATI PER CENTRI DI SERVIZIO INFORMATICI;0;
07;INFRASTRUTTURE PER TELECOMUNICAZIONI E TECNOLOGIE INFORMATICHE;18;TECNOLOGIE INFORMATICHE;182;IMPIANTI ED INFRASTRUTTURE HARDWARE E SOFTWARE PER CENTRI DI SERVIZIO INFORMATICI;0;
07;INFRASTRUTTURE PER TELECOMUNICAZIONI E TECNOLOGIE INFORMATICHE;18;TECNOLOGIE INFORMATICHE;999;ALTRE OPERE ED IMPIANTI PER TECNOLOGIE INFORMATICHE;0;
08;RICERCA SVILUPPO TECNOLOGICO ED INNOVAZIONE;60;PROGETTI DI DIFFUSIONE E COOPERAZIONE PUBBLICO-PRIVATA;601;ESPLORAZIONE E UTILIZZAZIONE DELL'AMBIENTE TERRESTRE E MARINO;0;
08;RICERCA SVILUPPO TECNOLOGICO ED INNOVAZIONE;60;PROGETTI DI DIFFUSIONE E COOPERAZIONE PUBBLICO-PRIVATA;603;CONTROLLO E TUTELA DELL'AMBIENTE TERRESTRE E MARINO;0;
08;RICERCA SVILUPPO TECNOLOGICO ED INNOVAZIONE;60;PROGETTI DI DIFFUSIONE E COOPERAZIONE PUBBLICO-PRIVATA;604;PROTEZIONE E PROMOZIONE DELLA SALUTE UMANA;0;
08;RICERCA SVILUPPO TECNOLOGICO ED INNOVAZIONE;60;PROGETTI DI DIFFUSIONE E COOPERAZIONE PUBBLICO-PRIVATA;605;PRODUZIONE, DISTRIBUZIONE E USO RAZIONALE DELL'ENERGIA;0;
08;RICERCA SVILUPPO TECNOLOGICO ED INNOVAZIONE;60;PROGETTI DI DIFFUSIONE E COOPERAZIONE PUBBLICO-PRIVATA;606;PRODUZIONE E TRASFERIMENTO NUOVI PRODOTTI, PRATICHE, PROCESSI E TECNOLOGIE AGRICOLE, FORESTALI, DELLA PESCA E DELL'ACQUACOLTURA;0;
08;RICERCA SVILUPPO TECNOLOGICO ED INNOVAZIONE;60;PROGETTI DI DIFFUSIONE E COOPERAZIONE PUBBLICO-PRIVATA;607;PRODUZIONE E TECNOLOGIE INDUSTRIALI;0;
08;RICERCA SVILUPPO TECNOLOGICO ED INNOVAZIONE;60;PROGETTI DI DIFFUSIONE E COOPERAZIONE PUBBLICO-PRIVATA;608;STRUTTURE E RELAZIONI SOCIALI;0;
08;RICERCA SVILUPPO TECNOLOGICO ED INNOVAZIONE;60;PROGETTI DI DIFFUSIONE E COOPERAZIONE PUBBLICO-PRIVATA;609;ESPLORAZIONE E UTILIZZAZIONE DELLO SPAZIO;0;
08;RICERCA SVILUPPO TECNOLOGICO ED INNOVAZIONE;60;PROGETTI DI DIFFUSIONE E COOPERAZIONE PUBBLICO-PRIVATA;610;ALTRE RICERCHE;0;
08;RICERCA SVILUPPO TECNOLOGICO ED INNOVAZIONE;60;PROGETTI DI DIFFUSIONE E COOPERAZIONE PUBBLICO-PRIVATA;630;PRODUZIONE/PROGETTI PER LA DIVERSIFICAZIONE DELLE ATTIVITA';0;
08;RICERCA SVILUPPO TECNOLOGICO ED INNOVAZIONE;60;PROGETTI DI DIFFUSIONE E COOPERAZIONE PUBBLICO-PRIVATA;631;AGRICOLTURA SOCIALE;0;
08;RICERCA SVILUPPO TECNOLOGICO ED INNOVAZIONE;60;PROGETTI DI DIFFUSIONE E COOPERAZIONE PUBBLICO-PRIVATA;632;PROGETTI A FINALITA' AGRO-CLIMATICO-AMBIENTALE;0;
08;RICERCA SVILUPPO TECNOLOGICO ED INNOVAZIONE;61;PROGETTI DI RICERCA PRESSO UNIVERSITA' E ISTITUTI DI RICERCA;611;ESPLORAZIONE E UTILIZZAZIONE DELL'AMBIENTE TERRESTRE E MARINO;0;
08;RICERCA SVILUPPO TECNOLOGICO ED INNOVAZIONE;61;PROGETTI DI RICERCA PRESSO UNIVERSITA' E ISTITUTI DI RICERCA;612;INFRASTRUTTURE E PIANIFICAZIONE DEL TERRITORIO;0;
08;RICERCA SVILUPPO TECNOLOGICO ED INNOVAZIONE;61;PROGETTI DI RICERCA PRESSO UNIVERSITA' E ISTITUTI DI RICERCA;613;CONTROLLO E TUTELA DELL'AMBIENTE TERRESTRE E MARINO;0;
08;RICERCA SVILUPPO TECNOLOGICO ED INNOVAZIONE;61;PROGETTI DI RICERCA PRESSO UNIVERSITA' E ISTITUTI DI RICERCA;614;PROTEZIONE E PROMOZIONE DELLA SALUTE UMANA;0;
08;RICERCA SVILUPPO TECNOLOGICO ED INNOVAZIONE;61;PROGETTI DI RICERCA PRESSO UNIVERSITA' E ISTITUTI DI RICERCA;615;PRODUZIONE, DISTRIBUZIONE E USO RAZIONALE DELL'ENERGIA;0;
08;RICERCA SVILUPPO TECNOLOGICO ED INNOVAZIONE;61;PROGETTI DI RICERCA PRESSO UNIVERSITA' E ISTITUTI DI RICERCA;616;PRODUZIONE E TECNOLOGIE AGRICOLE E DELLA PESCA E ACQUACOLTURA;0;
08;RICERCA SVILUPPO TECNOLOGICO ED INNOVAZIONE;61;PROGETTI DI RICERCA PRESSO UNIVERSITA' E ISTITUTI DI RICERCA;617;PRODUZIONE E TECNOLOGIE INDUSTRIALI;0;
08;RICERCA SVILUPPO TECNOLOGICO ED INNOVAZIONE;61;PROGETTI DI RICERCA PRESSO UNIVERSITA' E ISTITUTI DI RICERCA;618;STRUTTURE E RELAZIONI SOCIALI;0;
08;RICERCA SVILUPPO TECNOLOGICO ED INNOVAZIONE;61;PROGETTI DI RICERCA PRESSO UNIVERSITA' E ISTITUTI DI RICERCA;619;ESPLORAZIONE E UTILIZZAZIONE DELLO SPAZIO;0;
08;RICERCA SVILUPPO TECNOLOGICO ED INNOVAZIONE;61;PROGETTI DI RICERCA PRESSO UNIVERSITA' E ISTITUTI DI RICERCA;620;ALTRE RICERCHE;0;
08;RICERCA SVILUPPO TECNOLOGICO ED INNOVAZIONE;62;PROGETTI DI RICERCA E  DI INNOVAZIONE PRESSO IMPRESE;621;BIOTECNOLOGIE E SALUTE IN GENERE;0;
08;RICERCA SVILUPPO TECNOLOGICO ED INNOVAZIONE;62;PROGETTI DI RICERCA E  DI INNOVAZIONE PRESSO IMPRESE;622;TECNOLOGIE DEI NUOVI MATERIALI;0;
08;RICERCA SVILUPPO TECNOLOGICO ED INNOVAZIONE;62;PROGETTI DI RICERCA E  DI INNOVAZIONE PRESSO IMPRESE;623;TECNOLOGIE DELL'INFORMAZIONE;0;
08;RICERCA SVILUPPO TECNOLOGICO ED INNOVAZIONE;62;PROGETTI DI RICERCA E  DI INNOVAZIONE PRESSO IMPRESE;624;TECNOLOGIE DELLE TELECOMUNICAZIONI;0;
08;RICERCA SVILUPPO TECNOLOGICO ED INNOVAZIONE;62;PROGETTI DI RICERCA E  DI INNOVAZIONE PRESSO IMPRESE;626;TECNOLOGIE ENERGETICHE;0;
08;RICERCA SVILUPPO TECNOLOGICO ED INNOVAZIONE;62;PROGETTI DI RICERCA E  DI INNOVAZIONE PRESSO IMPRESE;627;TECNOLOGIE AEROSPAZIALI;0;
08;RICERCA SVILUPPO TECNOLOGICO ED INNOVAZIONE;62;PROGETTI DI RICERCA E  DI INNOVAZIONE PRESSO IMPRESE;628;ALTRE TECNOLOGIE MECCANICHE;0;
08;RICERCA SVILUPPO TECNOLOGICO ED INNOVAZIONE;62;PROGETTI DI RICERCA E  DI INNOVAZIONE PRESSO IMPRESE;629;ALTRE TECNOLOGIE CHIMICHE;0;
08;RICERCA SVILUPPO TECNOLOGICO ED INNOVAZIONE;62;PROGETTI DI RICERCA E  DI INNOVAZIONE PRESSO IMPRESE;633;SPERIMENTAZIONE SOLUZIONI INNOVATIVE E VALIDAZIONE PRODOTTI;0;
08;RICERCA SVILUPPO TECNOLOGICO ED INNOVAZIONE;62;PROGETTI DI RICERCA E  DI INNOVAZIONE PRESSO IMPRESE;634;INNOVAZIONE PROCESSI E PRODOTTI;0;
08;RICERCA SVILUPPO TECNOLOGICO ED INNOVAZIONE;62;PROGETTI DI RICERCA E  DI INNOVAZIONE PRESSO IMPRESE;635;INDUSTRIALIZZAZIONE RISULTATI DELLA RICERCA;0;
08;RICERCA SVILUPPO TECNOLOGICO ED INNOVAZIONE;62;PROGETTI DI RICERCA E  DI INNOVAZIONE PRESSO IMPRESE;999;ALTRE AREE TECNOLOGICHE;0;
09;SERVIZI ALLE IMPRESE;20;SERVIZI ALLE IMPRESE AGRICOLE, FORESTALI E DELLA PESCA;201;CONSULENZA E ASSISTENZA  ALLA GESTIONE DI IMPRESE AGRICOLE E FORESTALI;0;
09;SERVIZI ALLE IMPRESE;20;SERVIZI ALLE IMPRESE AGRICOLE, FORESTALI E DELLA PESCA;202;INIZIATIVE PER ATTIVITA' RICREATIVE E DIDATTICHE;0;
09;SERVIZI ALLE IMPRESE;20;SERVIZI ALLE IMPRESE AGRICOLE, FORESTALI E DELLA PESCA;203;SERVIZI ALL'ECONOMIA RURALE;0;
09;SERVIZI ALLE IMPRESE;20;SERVIZI ALLE IMPRESE AGRICOLE, FORESTALI E DELLA PESCA;204;CENTRI DI INFORMAZIONE DEL PATRIMONIO RURALE;0;
09;SERVIZI ALLE IMPRESE;20;SERVIZI ALLE IMPRESE AGRICOLE, FORESTALI E DELLA PESCA;206;CONSULENZA E ASSISTENZA NEL SETTORE DELLA PESCA E DELL'ACQUACOLTURA;0;
09;SERVIZI ALLE IMPRESE;20;SERVIZI ALLE IMPRESE AGRICOLE, FORESTALI E DELLA PESCA;207;SERVIZI PER L'INTERNAZIONALIZZAZIONE E PROMOZIONE EXPORT;0;
09;SERVIZI ALLE IMPRESE;20;SERVIZI ALLE IMPRESE AGRICOLE, FORESTALI E DELLA PESCA;208;SERVIZI PER LA TRASFORMAZIONE, COMMERCIALIZZAZIONE E PROMOZIONE DEI PRODOTTI DELLA PESCA E DELL'ACQUACOLTURA;0;
09;SERVIZI ALLE IMPRESE;20;SERVIZI ALLE IMPRESE AGRICOLE, FORESTALI E DELLA PESCA;210;SERVIZI PER LA TRASFORMAZIONE E COMMERCIALIZZAZIONE DEI PRODOTTI AGRICOLI;0;
09;SERVIZI ALLE IMPRESE;20;SERVIZI ALLE IMPRESE AGRICOLE, FORESTALI E DELLA PESCA;211;RICOMPOSIZIONE FONDIARIA;0;
09;SERVIZI ALLE IMPRESE;20;SERVIZI ALLE IMPRESE AGRICOLE, FORESTALI E DELLA PESCA;212;PROMOZIONE E INFORMAZIONE DEI PRODOTTI;0;
09;SERVIZI ALLE IMPRESE;20;SERVIZI ALLE IMPRESE AGRICOLE, FORESTALI E DELLA PESCA;213;SERVIZI PER IL CONTROLLO DI QUALITA' DEI PRODOTTI AGRICOLI;0;
09;SERVIZI ALLE IMPRESE;20;SERVIZI ALLE IMPRESE AGRICOLE, FORESTALI E DELLA PESCA;214;SERVIZI TELEMATICI ED INFORMATICI;0;
09;SERVIZI ALLE IMPRESE;20;SERVIZI ALLE IMPRESE AGRICOLE, FORESTALI E DELLA PESCA;215;PROMOZIONE DELL'OFFERTA AGRITURISTICA;0;
09;SERVIZI ALLE IMPRESE;20;SERVIZI ALLE IMPRESE AGRICOLE, FORESTALI E DELLA PESCA;216;ALTRI SERVIZI ALLE IMPRESE AGRICOLE, FORESTALI,  DELLA PESCA E ACQUACOLTURA;0;
09;SERVIZI ALLE IMPRESE;20;SERVIZI ALLE IMPRESE AGRICOLE, FORESTALI E DELLA PESCA;217;ADESIONE AI REGIMI DI QUALITA' PER LE PRODUZIONI AGRICOLE;0;
09;SERVIZI ALLE IMPRESE;21;SERVIZI ALLE IMPRESE INDUSTRIALI;210;SERVIZI COMUNI INTERAZIENDALI;0;
09;SERVIZI ALLE IMPRESE;21;SERVIZI ALLE IMPRESE INDUSTRIALI;211;SERVIZI DI CONSULENZA ALLE IMPRESE;0;
09;SERVIZI ALLE IMPRESE;21;SERVIZI ALLE IMPRESE INDUSTRIALI;212;SERVIZI E APPLICAZIONI TELEMATICHE PER LE PMI;0;
09;SERVIZI ALLE IMPRESE;21;SERVIZI ALLE IMPRESE INDUSTRIALI;213;SERVIZI PER L'INTERNAZIONALIZZAZIONE E PROMOZIONE EXPORT;0;
09;SERVIZI ALLE IMPRESE;21;SERVIZI ALLE IMPRESE INDUSTRIALI;222;SERVIZI COMUNI DI PROMOZIONE DELL'OFFERTA DI PRODOTTI DELL'INDUSTRIA;0;
09;SERVIZI ALLE IMPRESE;21;SERVIZI ALLE IMPRESE INDUSTRIALI;229;ALTRI SERVIZI ALLE IMPRESE INDUSTRIALI;0;
09;SERVIZI ALLE IMPRESE;22;SERVIZI ALLE IMPRESE TURISTICHE;218;SERVIZI COMUNI DI PROMOZIONE DELL'OFFERTA TURISTICA;0;
09;SERVIZI ALLE IMPRESE;22;SERVIZI ALLE IMPRESE TURISTICHE;219;SERVIZI DI CONSULENZA PER LA VALORIZZAZIONE DELL'OFFERTA TURISTICA;0;
09;SERVIZI ALLE IMPRESE;22;SERVIZI ALLE IMPRESE TURISTICHE;220;SERVIZI COMUNI PER LA FRUIZIONE DEI BENI CULTURALI;0;
09;SERVIZI ALLE IMPRESE;22;SERVIZI ALLE IMPRESE TURISTICHE;221;SERVIZI COMUNI PER LA FRUIZIONE DEI BENI AMBIENTALI;0;
09;SERVIZI ALLE IMPRESE;22;SERVIZI ALLE IMPRESE TURISTICHE;222;SERVIZI PER L'INTERNAZIONALIZZAZIONE E PROMOZIONE EXPORT;0;
09;SERVIZI ALLE IMPRESE;22;SERVIZI ALLE IMPRESE TURISTICHE;999;ALTRI SERVIZI ALLE IMPRESE TURISTICHE;0;
09;SERVIZI ALLE IMPRESE;23;SERVIZI DI INTERMEDIAZIONE FINANZIARIA;001;SERVIZI FINANZIARI PER LE IMPRESE INDUSTRIALI E COMMERCIALI;0;
09;SERVIZI ALLE IMPRESE;23;SERVIZI DI INTERMEDIAZIONE FINANZIARIA;205;SERVIZI FINANZIARI ALLE IMPRESE AGRICOLE, DELLA PESCA ED ACQUACOLTURA;0;
09;SERVIZI ALLE IMPRESE;25;SERVIZI ALLE IMPRESE DEL COMMERCIO;231;SERVIZI COMUNI DI PROMOZIONE DELL'OFFERTA COMMERCIALE;0;
09;SERVIZI ALLE IMPRESE;25;SERVIZI ALLE IMPRESE DEL COMMERCIO;232;SERVIZI DI CONSULENZA ALLE IMPRESE DEL COMMERCIO;0;
09;SERVIZI ALLE IMPRESE;25;SERVIZI ALLE IMPRESE DEL COMMERCIO;239;ALTRI SERVIZI ALLE IMPRESE COMMERCIALI;0;
09;SERVIZI ALLE IMPRESE;26;SERVIZI ALLE NUOVE IMPRESE (START UP) E ALLE IMPRESE SOCIALI;101;SERVIZI PER L'INCUBAZIONE D'IMPRESA E L'INNOVAZIONE;0;
09;SERVIZI ALLE IMPRESE;26;SERVIZI ALLE NUOVE IMPRESE (START UP) E ALLE IMPRESE SOCIALI;102;SERVIZI DI SUPPORTO ALL'AVVIO ATTIVITA' D'IMPRESA E IMPRENDITORIALITA';0;
09;SERVIZI ALLE IMPRESE;26;SERVIZI ALLE NUOVE IMPRESE (START UP) E ALLE IMPRESE SOCIALI;103;SERVIZI DI SUPPORTO ALL'IMPRESA SOCIALE;0;
10;SERVIZI PER LA P.A. E PER LA COLLETTIVITA';01;SERVIZI E TECNOLOGIE PER L'INFORMAZIONE E LE COMUNICAZIONI;001;INFORMAZIONE E COMUNICAZIONE PER ATTIVITA' ISTITUZIONALI E LA TRASPARENZA DELLA PA;0;
10;SERVIZI PER LA P.A. E PER LA COLLETTIVITA';01;SERVIZI E TECNOLOGIE PER L'INFORMAZIONE E LE COMUNICAZIONI;002;SISTEMI DI MONITORAGGIO, PREVENZIONE RISCHI E ALLERTA PRECOCE IN CAMPO AMBIENTALE;0;
10;SERVIZI PER LA P.A. E PER LA COLLETTIVITA';01;SERVIZI E TECNOLOGIE PER L'INFORMAZIONE E LE COMUNICAZIONI;003;MANIFESTAZIONI ED EVENTI INFORMATIVI;0;
10;SERVIZI PER LA P.A. E PER LA COLLETTIVITA';01;SERVIZI E TECNOLOGIE PER L'INFORMAZIONE E LE COMUNICAZIONI;004;DISTRIBUZIONE DI AUDIOVISIVI E MATERIALE INFORMATIVO;0;
10;SERVIZI PER LA P.A. E PER LA COLLETTIVITA';01;SERVIZI E TECNOLOGIE PER L'INFORMAZIONE E LE COMUNICAZIONI;007;SISTEMI INFORMATIVI PER LA P.A.;0;
10;SERVIZI PER LA P.A. E PER LA COLLETTIVITA';01;SERVIZI E TECNOLOGIE PER L'INFORMAZIONE E LE COMUNICAZIONI;999;ALTRE INFORMAZIONI E COMUNICAZIONI;0;
10;SERVIZI PER LA P.A. E PER LA COLLETTIVITA';02;SERVIZI E APPLICAZIONI INFORMATICHE PER I CITTADINI E LE IMPRESE;001;SERVIZI ED APPLICAZIONI PER IL PUBBLICO;0;
10;SERVIZI PER LA P.A. E PER LA COLLETTIVITA';02;SERVIZI E APPLICAZIONI INFORMATICHE PER I CITTADINI E LE IMPRESE;002;SERVIZI ED APPLICAZIONI PER LE PMI;0;
10;SERVIZI PER LA P.A. E PER LA COLLETTIVITA';03;AZIONI INNOVATRICI;001;AZIONI PER L'INNALZAMENTO DELLA QUALITA' DELLA VITA IN AREE URBANE;0;
10;SERVIZI PER LA P.A. E PER LA COLLETTIVITA';03;AZIONI INNOVATRICI;002;AZIONI PER LA DIFFUSIONE DELLA CULTURA E DEL TURISMO;0;
10;SERVIZI PER LA P.A. E PER LA COLLETTIVITA';03;AZIONI INNOVATRICI;003;SUPPORTO ALLA COSTITUZIONE DI PARTENARIATI A LIVELLO LOCALE (LEADER, CLLD, ITI, ECC.);0;
10;SERVIZI PER LA P.A. E PER LA COLLETTIVITA';03;AZIONI INNOVATRICI;004;AZIONI DI INNOVAZIONE SOCIALE;0;
10;SERVIZI PER LA P.A. E PER LA COLLETTIVITA';03;AZIONI INNOVATRICI;005;SEMPLIFICAZIONE PROCEDURE, STANDARD DI QUALITA' E INNOVAZIONE PA;0;
10;SERVIZI PER LA P.A. E PER LA COLLETTIVITA';03;AZIONI INNOVATRICI;006;AZIONI DI COOPERAZIONE;0;
10;SERVIZI PER LA P.A. E PER LA COLLETTIVITA';03;AZIONI INNOVATRICI;007;ALTRE AZIONI INNOVATIVE;0;
10;SERVIZI PER LA P.A. E PER LA COLLETTIVITA';30;SERVIZI A SUPPORTO DELLO SVILUPPO E DELLA QUALIFICAZIONE DEL SISTEMA DEL LAVORO;001;POTENZIAMENTO DEI SERVIZI ALL'IMPIEGO - ACQUISIZIONE DI RISORSE;0;
10;SERVIZI PER LA P.A. E PER LA COLLETTIVITA';30;SERVIZI A SUPPORTO DELLO SVILUPPO E DELLA QUALIFICAZIONE DEL SISTEMA DEL LAVORO;002;COSTRUZIONE  E SPERIMENTAZIONE DI PROTOTIPI E MODELLI;0;
10;SERVIZI PER LA P.A. E PER LA COLLETTIVITA';30;SERVIZI A SUPPORTO DELLO SVILUPPO E DELLA QUALIFICAZIONE DEL SISTEMA DEL LAVORO;003;ORIENTAMENTO, CONSULENZA E FORMAZIONE DEL PERSONALE;0;
10;SERVIZI PER LA P.A. E PER LA COLLETTIVITA';30;SERVIZI A SUPPORTO DELLO SVILUPPO E DELLA QUALIFICAZIONE DEL SISTEMA DEL LAVORO;004;MESSA IN RETE DEGLI SERVIZI PER L'IMPIEGO;0;
10;SERVIZI PER LA P.A. E PER LA COLLETTIVITA';30;SERVIZI A SUPPORTO DELLO SVILUPPO E DELLA QUALIFICAZIONE DEL SISTEMA DEL LAVORO;005;CREAZIONE E SVILUPPO DI RETI / PARTENARIATI;0;
10;SERVIZI PER LA P.A. E PER LA COLLETTIVITA';30;SERVIZI A SUPPORTO DELLO SVILUPPO E DELLA QUALIFICAZIONE DEL SISTEMA DEL LAVORO;006;ATTIVITA PROMOZIONALE PER L'ATTRAZIONE DI PERSONE E IMPRESE;0;
10;SERVIZI PER LA P.A. E PER LA COLLETTIVITA';30;SERVIZI A SUPPORTO DELLO SVILUPPO E DELLA QUALIFICAZIONE DEL SISTEMA DEL LAVORO;007;CERTIFICAZIONE ED ACCREDITAMENTO OPERATORI;0;
10;SERVIZI PER LA P.A. E PER LA COLLETTIVITA';30;SERVIZI A SUPPORTO DELLO SVILUPPO E DELLA QUALIFICAZIONE DEL SISTEMA DEL LAVORO;008;ATTIVITA' DI MONITORAGGIO E VALUTAZIONE DEGLI SERVIZI PER L'IMPIEGO;0;
10;SERVIZI PER LA P.A. E PER LA COLLETTIVITA';32;DISPOSITIVI E STRUMENTI A SUPPORTO DELLA QUALIFICAZIONE DEL SISTEMA DELL'OFFERTA DI FORMAZIONE;001;COSTRUZIONE E SPERIMENTAZIONE DI PROTOTIPI E MODELLI (COMPRESA LA VIDEO FORMAZIONE E L'E-LEARNING);0;
10;SERVIZI PER LA P.A. E PER LA COLLETTIVITA';32;DISPOSITIVI E STRUMENTI A SUPPORTO DELLA QUALIFICAZIONE DEL SISTEMA DELL'OFFERTA DI FORMAZIONE;002;CERTIFICAZIONE DI QUALITA' ED ACCREDITAMENTO DI SOGGETTI ATTUATORI;0;
10;SERVIZI PER LA P.A. E PER LA COLLETTIVITA';32;DISPOSITIVI E STRUMENTI A SUPPORTO DELLA QUALIFICAZIONE DEL SISTEMA DELL'OFFERTA DI FORMAZIONE;003;TRASFERIMENTO BUONE PRASSI;0;
10;SERVIZI PER LA P.A. E PER LA COLLETTIVITA';32;DISPOSITIVI E STRUMENTI A SUPPORTO DELLA QUALIFICAZIONE DEL SISTEMA DELL'OFFERTA DI FORMAZIONE;004;FORMAZIONE FORMATORI E OPERATORI;0;
10;SERVIZI PER LA P.A. E PER LA COLLETTIVITA';32;DISPOSITIVI E STRUMENTI A SUPPORTO DELLA QUALIFICAZIONE DEL SISTEMA DELL'OFFERTA DI FORMAZIONE;005;POTENZIAMENTO STRUTTURE DEI SOGGETTI ATTUATORI;0;
10;SERVIZI PER LA P.A. E PER LA COLLETTIVITA';32;DISPOSITIVI E STRUMENTI A SUPPORTO DELLA QUALIFICAZIONE DEL SISTEMA DELL'OFFERTA DI FORMAZIONE;006;CREAZIONE E SVILUPPO DI RETI / PARTENARIATI;0;
10;SERVIZI PER LA P.A. E PER LA COLLETTIVITA';32;DISPOSITIVI E STRUMENTI A SUPPORTO DELLA QUALIFICAZIONE DEL SISTEMA DELL'OFFERTA DI FORMAZIONE;007;CERTIFICAZIONE DELLE COMPETENZE E RICONOSCIMENTO DELLE QUALIFICHE;0;
10;SERVIZI PER LA P.A. E PER LA COLLETTIVITA';32;DISPOSITIVI E STRUMENTI A SUPPORTO DELLA QUALIFICAZIONE DEL SISTEMA DELL'OFFERTA DI FORMAZIONE;008;SISTEMI DI VALUTAZIONE DEGLI APPRENDIMENTI;0;
10;SERVIZI PER LA P.A. E PER LA COLLETTIVITA';33;DISPOSITIVI E STRUMENTI A SUPPORTO DELLA QUALIFICAZIONE DEL SISTEMA DELL'OFFERTA DI ISTRUZIONE;001;COSTRUZIONE E SPERIMENTAZIONE DI PROTOTIPI E MODELLI;0;
10;SERVIZI PER LA P.A. E PER LA COLLETTIVITA';33;DISPOSITIVI E STRUMENTI A SUPPORTO DELLA QUALIFICAZIONE DEL SISTEMA DELL'OFFERTA DI ISTRUZIONE;002;CERTIFICAZIONE DI QUALITA' ED ACCREDITAMENTO DI SOGGETTI ATTUATORI;0;
10;SERVIZI PER LA P.A. E PER LA COLLETTIVITA';33;DISPOSITIVI E STRUMENTI A SUPPORTO DELLA QUALIFICAZIONE DEL SISTEMA DELL'OFFERTA DI ISTRUZIONE;003;TRASFERIMENTO BUONE PRASSI;0;
10;SERVIZI PER LA P.A. E PER LA COLLETTIVITA';33;DISPOSITIVI E STRUMENTI A SUPPORTO DELLA QUALIFICAZIONE DEL SISTEMA DELL'OFFERTA DI ISTRUZIONE;004;FORMAZIONE DI DOCENTI, PERSONALE DELLA SCUOLA, FORMATORI E STAFF;0;
10;SERVIZI PER LA P.A. E PER LA COLLETTIVITA';33;DISPOSITIVI E STRUMENTI A SUPPORTO DELLA QUALIFICAZIONE DEL SISTEMA DELL'OFFERTA DI ISTRUZIONE;005;POTENZIAMENTO STRUTTURE DEI SOGGETTI ATTUATORI;0;
10;SERVIZI PER LA P.A. E PER LA COLLETTIVITA';33;DISPOSITIVI E STRUMENTI A SUPPORTO DELLA QUALIFICAZIONE DEL SISTEMA DELL'OFFERTA DI ISTRUZIONE;006;CREAZIONE E SVILUPPO DI RETI / PARTENARIATI;0;
10;SERVIZI PER LA P.A. E PER LA COLLETTIVITA';33;DISPOSITIVI E STRUMENTI A SUPPORTO DELLA QUALIFICAZIONE DEL SISTEMA DELL'OFFERTA DI ISTRUZIONE;007;STUDI E ANALISI;0;
10;SERVIZI PER LA P.A. E PER LA COLLETTIVITA';33;DISPOSITIVI E STRUMENTI A SUPPORTO DELLA QUALIFICAZIONE DEL SISTEMA DELL'OFFERTA DI ISTRUZIONE;008;SISTEMI DI VALUTAZIONE DEGLI APPRENDIMENTI;0;
10;SERVIZI PER LA P.A. E PER LA COLLETTIVITA';33;DISPOSITIVI E STRUMENTI A SUPPORTO DELLA QUALIFICAZIONE DEL SISTEMA DELL'OFFERTA DI ISTRUZIONE;009;AUTO-VALUTAZIONE E VALUTAZIONE DELLE SCUOLE;0;
10;SERVIZI PER LA P.A. E PER LA COLLETTIVITA';34;DISPOSITIVI E STRUMENTI A SUPPORTO DELL'INTEGRAZIONE FRA SISTEMI;001;COSTRUZIONE E SPERIMENTAZIONE DI PROTOTIPI E MODELLI D'INTEGRAZIONE;0;
10;SERVIZI PER LA P.A. E PER LA COLLETTIVITA';34;DISPOSITIVI E STRUMENTI A SUPPORTO DELL'INTEGRAZIONE FRA SISTEMI;002;FORMAZIONE CONGIUNTA DI FORMATORI, DOCENTI, TUTOR AZIENDALI E PERSONALE UNIVERSITA';0;
10;SERVIZI PER LA P.A. E PER LA COLLETTIVITA';34;DISPOSITIVI E STRUMENTI A SUPPORTO DELL'INTEGRAZIONE FRA SISTEMI;003;TRASFERIMENTO BUONE PRASSI D'INTEGRAZIONE;0;
10;SERVIZI PER LA P.A. E PER LA COLLETTIVITA';34;DISPOSITIVI E STRUMENTI A SUPPORTO DELL'INTEGRAZIONE FRA SISTEMI;004;CREAZIONE E SVILUPPO DI RETI / PARTENARIATI;0;
10;SERVIZI PER LA P.A. E PER LA COLLETTIVITA';35;DISPOSITIVI E STRUMENTI A SUPPORTO DELLA QUALIFICAZIONE NEL SISTEMA DEI SERVIZI SOCIALI;001;COSTRUZIONE E SPERIMENTAZIONE DI PROTOTIPI E MODELLI;0;
10;SERVIZI PER LA P.A. E PER LA COLLETTIVITA';35;DISPOSITIVI E STRUMENTI A SUPPORTO DELLA QUALIFICAZIONE NEL SISTEMA DEI SERVIZI SOCIALI;002;CERTIFICAZIONE DI QUALITA' E ACCREDITAMENTO SOGGETTI ATTUATORI;0;
10;SERVIZI PER LA P.A. E PER LA COLLETTIVITA';35;DISPOSITIVI E STRUMENTI A SUPPORTO DELLA QUALIFICAZIONE NEL SISTEMA DEI SERVIZI SOCIALI;003;TRASFERIMENTO BUONE PRASSI;0;
10;SERVIZI PER LA P.A. E PER LA COLLETTIVITA';35;DISPOSITIVI E STRUMENTI A SUPPORTO DELLA QUALIFICAZIONE NEL SISTEMA DEI SERVIZI SOCIALI;004;ORIENTAMENTO, CONSULENZA E FORMAZIONE DEGLI OPERATORI;0;
10;SERVIZI PER LA P.A. E PER LA COLLETTIVITA';35;DISPOSITIVI E STRUMENTI A SUPPORTO DELLA QUALIFICAZIONE NEL SISTEMA DEI SERVIZI SOCIALI;005;CERTIFICAZIONE E ACCREDITAMENTO DEGLI OPERATORI;0;
10;SERVIZI PER LA P.A. E PER LA COLLETTIVITA';35;DISPOSITIVI E STRUMENTI A SUPPORTO DELLA QUALIFICAZIONE NEL SISTEMA DEI SERVIZI SOCIALI;006;CREAZIONE E SVILUPPO DI RETI/PARTENARIATI;0;
10;SERVIZI PER LA P.A. E PER LA COLLETTIVITA';35;DISPOSITIVI E STRUMENTI A SUPPORTO DELLA QUALIFICAZIONE NEL SISTEMA DEI SERVIZI SOCIALI;007;POTENZIAMENTO DELLE STRUTTURE DEI SOGGETTI ATTUATORI;0;
10;SERVIZI PER LA P.A. E PER LA COLLETTIVITA';35;DISPOSITIVI E STRUMENTI A SUPPORTO DELLA QUALIFICAZIONE NEL SISTEMA DEI SERVIZI SOCIALI;008;PROMOZIONE DELLA RESPONSABILITA' SOCIALE D'IMPRESA;0;
10;SERVIZI PER LA P.A. E PER LA COLLETTIVITA';41;SERVIZI DI ASSISTENZA TECNICA ALLA P.A.;403;ASSISTENZA TECNICA ALLA PREPARAZIONE, REALIZZAZIONE, E SORVEGLIANZA E VALUTAZIONE (INCLUSA L'ASSISTENZA PER LA REDAZIONE DI PIANI E PROGRAMMI);0;
10;SERVIZI PER LA P.A. E PER LA COLLETTIVITA';41;SERVIZI DI ASSISTENZA TECNICA ALLA P.A.;410;SISTEMI DI MONITORAGGIO;0;
10;SERVIZI PER LA P.A. E PER LA COLLETTIVITA';41;SERVIZI DI ASSISTENZA TECNICA ALLA P.A.;411;STUDI E ANALISI;0;
10;SERVIZI PER LA P.A. E PER LA COLLETTIVITA';41;SERVIZI DI ASSISTENZA TECNICA ALLA P.A.;412;ANALISI DI FATTIBILITA';0;
10;SERVIZI PER LA P.A. E PER LA COLLETTIVITA';41;SERVIZI DI ASSISTENZA TECNICA ALLA P.A.;413;FORMAZIONE DEL PERSONALE  (INCLUSA L'ALFABETIZZAZIONE DIGITALE);0;
10;SERVIZI PER LA P.A. E PER LA COLLETTIVITA';41;SERVIZI DI ASSISTENZA TECNICA ALLA P.A.;414;TRASFERIMENTO BUONE PRASSI;0;
10;SERVIZI PER LA P.A. E PER LA COLLETTIVITA';41;SERVIZI DI ASSISTENZA TECNICA ALLA P.A.;415;ADEGUAMENTO E INNOVAZIONE DEGLI ASSETTI ORGANIZZATIVI;0;
10;SERVIZI PER LA P.A. E PER LA COLLETTIVITA';41;SERVIZI DI ASSISTENZA TECNICA ALLA P.A.;416;FUNZIONAMENTO PROGRAMMI E PER LA MULTILEVEL GOVERNANCE (INCLUSA  LA CONSULTAZIONE DEL PARTENARIATO);0;
10;SERVIZI PER LA P.A. E PER LA COLLETTIVITA';41;SERVIZI DI ASSISTENZA TECNICA ALLA P.A.;417;INNALZAMENTO QUALITA' DEI SERVIZI;0;
10;SERVIZI PER LA P.A. E PER LA COLLETTIVITA';41;SERVIZI DI ASSISTENZA TECNICA ALLA P.A.;499;ALTRE ATTIVITA' DI CONSULENZA E ASSISTENZA TECNICA;0;
10;SERVIZI PER LA P.A. E PER LA COLLETTIVITA';43;SERVIZI DI ORIENTAMENTO E ACCOMPAGNAMENTO AL LAVORO;001;SERVIZI DI ORIENTAMENTO, ACCOGLIENZA E PRESA IN CARICO;0;
10;SERVIZI PER LA P.A. E PER LA COLLETTIVITA';43;SERVIZI DI ORIENTAMENTO E ACCOMPAGNAMENTO AL LAVORO;002;SUPPORTO/ACCOMPAGNAMENTO ALLA TRANSIZIONE SCUOLA FORMAZIONE LAVORO;0;
10;SERVIZI PER LA P.A. E PER LA COLLETTIVITA';43;SERVIZI DI ORIENTAMENTO E ACCOMPAGNAMENTO AL LAVORO;003;ORIENTAMENTO SPECIALISTICO (BILANCIO COMPETENZE);0;
10;SERVIZI PER LA P.A. E PER LA COLLETTIVITA';43;SERVIZI DI ORIENTAMENTO E ACCOMPAGNAMENTO AL LAVORO;004;AZIONI DI ACCOMPAGNAMENTO AL LAVORO;0;
10;SERVIZI PER LA P.A. E PER LA COLLETTIVITA';92;SERVIZI AI DIPENDENTI DI IMPRESE PRODUTTIVE;001;ASSISTENZA A PERSONE A CARICO (INCLUSO SERVIZI PER L'INFANZIA);0;
10;SERVIZI PER LA P.A. E PER LA COLLETTIVITA';92;SERVIZI AI DIPENDENTI DI IMPRESE PRODUTTIVE;002;SALUTE E SICUREZZA;0;
10;SERVIZI PER LA P.A. E PER LA COLLETTIVITA';92;SERVIZI AI DIPENDENTI DI IMPRESE PRODUTTIVE;003;SERVIZI DI TRASPORTO CASA-LAVORO;0;
10;SERVIZI PER LA P.A. E PER LA COLLETTIVITA';92;SERVIZI AI DIPENDENTI DI IMPRESE PRODUTTIVE;004;SERVIZI DI MENSA;0;
10;SERVIZI PER LA P.A. E PER LA COLLETTIVITA';92;SERVIZI AI DIPENDENTI DI IMPRESE PRODUTTIVE;999;ALTRI SERVIZI AI DIPENDENTI DI IMPRESE PRODUTTIVE;0;
10;SERVIZI PER LA P.A. E PER LA COLLETTIVITA';93;SERVIZI ESSENZIALI PER LA POPOLAZIONE RURALE;001;SERVIZI DI TRASPORTO ALLE PERSONE;0;
10;SERVIZI PER LA P.A. E PER LA COLLETTIVITA';93;SERVIZI ESSENZIALI PER LA POPOLAZIONE RURALE;002;SERVIZI ASSISTENZIALI AGLI ANZIANI E ALL'INFANZIA;0;
10;SERVIZI PER LA P.A. E PER LA COLLETTIVITA';93;SERVIZI ESSENZIALI PER LA POPOLAZIONE RURALE;003;ATTIVITA' DI SOSTEGNO CULTURALE;0;
10;SERVIZI PER LA P.A. E PER LA COLLETTIVITA';93;SERVIZI ESSENZIALI PER LA POPOLAZIONE RURALE;004;SERVIZI SANITARI;0;
10;SERVIZI PER LA P.A. E PER LA COLLETTIVITA';93;SERVIZI ESSENZIALI PER LA POPOLAZIONE RURALE;005;PIANI DI SVILUPPO TERRITORIALE;0;
10;SERVIZI PER LA P.A. E PER LA COLLETTIVITA';93;SERVIZI ESSENZIALI PER LA POPOLAZIONE RURALE;999;ALTRI SERVIZI;0;
10;SERVIZI PER LA P.A. E PER LA COLLETTIVITA';94;ASSISTENZA SOCIALE E SERVIZI ALLA PERSONA;001;SERVIZI PER L'ACCESSO E LA PRESA IN CARICO DA PARTE DELLA RETE ASSISTENZIALE;0;
10;SERVIZI PER LA P.A. E PER LA COLLETTIVITA';94;ASSISTENZA SOCIALE E SERVIZI ALLA PERSONA;002;SERVIZI E MISURE PER FAVORIRE LA PERMANENZA A DOMICILIO;0;
10;SERVIZI PER LA P.A. E PER LA COLLETTIVITA';94;ASSISTENZA SOCIALE E SERVIZI ALLA PERSONA;003;CENTRI DIURNI E SERVIZI PER LA PRIMA INFANZIA;0;
10;SERVIZI PER LA P.A. E PER LA COLLETTIVITA';94;ASSISTENZA SOCIALE E SERVIZI ALLA PERSONA;004;SERVIZI TERRITORIALI A CARATTERE RESIDENZIALE PER LE FRAGILITA';0;
10;SERVIZI PER LA P.A. E PER LA COLLETTIVITA';94;ASSISTENZA SOCIALE E SERVIZI ALLA PERSONA;005;MISURE DI INCLUSIONE SOCIALE-SOSTEGNO AL REDDITO;0;
10;SERVIZI PER LA P.A. E PER LA COLLETTIVITA';99;ALTRI SERVIZI PER LA COLLETTIVITA';911;ASSISTENZA SOCIALE ED ALTRI SERVIZI ALLA PERSONA;0;
10;SERVIZI PER LA P.A. E PER LA COLLETTIVITA';99;ALTRI SERVIZI PER LA COLLETTIVITA';912;SERVIZI SANITARI;0;
10;SERVIZI PER LA P.A. E PER LA COLLETTIVITA';99;ALTRI SERVIZI PER LA COLLETTIVITA';999;ALTRI SERVIZI PER LA COLLETTIVITA';0;
11;ISTRUZIONE, FORMAZIONE E SOSTEGNI PER IL MERCATO DEL LAVORO;70;SCUOLA E ISTRUZIONE;001;FORMAZIONE E ISTRUZIONE ALL'INTERNO DELL'OBBLIGO SCOLASTICO;0;
11;ISTRUZIONE, FORMAZIONE E SOSTEGNI PER IL MERCATO DEL LAVORO;70;SCUOLA E ISTRUZIONE;002;SERVIZI PER L'INFANZIA;0;
11;ISTRUZIONE, FORMAZIONE E SOSTEGNI PER IL MERCATO DEL LAVORO;70;SCUOLA E ISTRUZIONE;003;FORMAZIONE PER ADULTI;0;
11;ISTRUZIONE, FORMAZIONE E SOSTEGNI PER IL MERCATO DEL LAVORO;70;SCUOLA E ISTRUZIONE;004;ORIENTAMENTO SCOLASTICO E FORMATIVO;0;
11;ISTRUZIONE, FORMAZIONE E SOSTEGNI PER IL MERCATO DEL LAVORO;70;SCUOLA E ISTRUZIONE;005;BORSE DI STUDIO;0;
11;ISTRUZIONE, FORMAZIONE E SOSTEGNI PER IL MERCATO DEL LAVORO;70;SCUOLA E ISTRUZIONE;006;STAGE, TIROCINI E PERCORSI DI ALTERNANZA SCUOLA LAVORO;0;
11;ISTRUZIONE, FORMAZIONE E SOSTEGNI PER IL MERCATO DEL LAVORO;70;SCUOLA E ISTRUZIONE;007;PROGETTI E MOBILITA' INTERNAZIONALI;0;
11;ISTRUZIONE, FORMAZIONE E SOSTEGNI PER IL MERCATO DEL LAVORO;71;FORMAZIONE PER IL LAVORO;001;FORMAZIONE ALL'INTERNO DELL'OBBLIGO SCOLASTICO;0;
11;ISTRUZIONE, FORMAZIONE E SOSTEGNI PER IL MERCATO DEL LAVORO;71;FORMAZIONE PER IL LAVORO;002;ISTRUZIONE E FORMAZIONE PROFESSIONALE PRESSO CENTRI ACCREDITATI PER LA QUALIFICA (IeFP);0;
11;ISTRUZIONE, FORMAZIONE E SOSTEGNI PER IL MERCATO DEL LAVORO;71;FORMAZIONE PER IL LAVORO;003;FORMAZIONE POST QUALIFICA E POST DIPLOMA;0;
11;ISTRUZIONE, FORMAZIONE E SOSTEGNI PER IL MERCATO DEL LAVORO;71;FORMAZIONE PER IL LAVORO;004;IFTS (ISTRUZIONE E FORMAZIONE TECNICA SUPERIORE);0;
11;ISTRUZIONE, FORMAZIONE E SOSTEGNI PER IL MERCATO DEL LAVORO;71;FORMAZIONE PER IL LAVORO;005;FORMAZIONE NELL'AMBITO DEI CONTRATTI DI FORMAZIONE LAVORO;0;
11;ISTRUZIONE, FORMAZIONE E SOSTEGNI PER IL MERCATO DEL LAVORO;71;FORMAZIONE PER IL LAVORO;006;FORMAZIONE NELL'AMBITO DELL'APPRENDISTATO POST OBBLIGO FORMATIVO (PROFESSIONALIZZANTE);0;
11;ISTRUZIONE, FORMAZIONE E SOSTEGNI PER IL MERCATO DEL LAVORO;71;FORMAZIONE PER IL LAVORO;007;ISTRUZIONE E FORMAZIONE PROFESSIONALE PRESSO GLI IPS (IeFP);0;
11;ISTRUZIONE, FORMAZIONE E SOSTEGNI PER IL MERCATO DEL LAVORO;71;FORMAZIONE PER IL LAVORO;008;ISTRUZIONE E FORMAZIONE PROFESSIONALE PRESSO CENTRI ACCREDITATI PER IL DIPLOMA PROFESSIONALE (IeFP);0;
11;ISTRUZIONE, FORMAZIONE E SOSTEGNI PER IL MERCATO DEL LAVORO;71;FORMAZIONE PER IL LAVORO;009;FORMAZIONE PER LA CREAZIONE D'IMPRESA;0;
11;ISTRUZIONE, FORMAZIONE E SOSTEGNI PER IL MERCATO DEL LAVORO;71;FORMAZIONE PER IL LAVORO;010;FORMAZIONE PER OCCUPATI (O FORMAZIONE CONTINUA);0;
11;ISTRUZIONE, FORMAZIONE E SOSTEGNI PER IL MERCATO DEL LAVORO;71;FORMAZIONE PER IL LAVORO;011;FORMAZIONE PER RICERCATORI;0;
11;ISTRUZIONE, FORMAZIONE E SOSTEGNI PER IL MERCATO DEL LAVORO;71;FORMAZIONE PER IL LAVORO;012;ISTRUZIONE E FORMAZIONE PROFESSIONALE PRESSO GLI IPS PER IL DIPLOMA PROFESSIONALE (IeFP);0;
11;ISTRUZIONE, FORMAZIONE E SOSTEGNI PER IL MERCATO DEL LAVORO;71;FORMAZIONE PER IL LAVORO;013;FORMAZIONE NELL'AMBITO DELL'APPRENDISTATO ALL'INTERNO DELL'OBBLIGO FORMATIVO (PER QUALIFICA E DIPLOMA PROFESSIONALE);0;
11;ISTRUZIONE, FORMAZIONE E SOSTEGNI PER IL MERCATO DEL LAVORO;71;FORMAZIONE PER IL LAVORO;014;PERCORSI SCOLASTICI FORMATIVI ALL'INTERNO DELL'OBBLIGO FORMATIVO;0;
11;ISTRUZIONE, FORMAZIONE E SOSTEGNI PER IL MERCATO DEL LAVORO;71;FORMAZIONE PER IL LAVORO;015;ALTRA FORMAZIONE ALL'INTERNO DELL'OBBLIGO FORMATIVO;0;
11;ISTRUZIONE, FORMAZIONE E SOSTEGNI PER IL MERCATO DEL LAVORO;71;FORMAZIONE PER IL LAVORO;016;IFTS (ISTRUZIONE E FORMAZIONE TECNICA SUPERIORE) - AZIONI DI SISTEMA E INTERVENTI QUALIFICANTI;0;
11;ISTRUZIONE, FORMAZIONE E SOSTEGNI PER IL MERCATO DEL LAVORO;71;FORMAZIONE PER IL LAVORO;017;ALTA FORMAZIONE ITS;0;
11;ISTRUZIONE, FORMAZIONE E SOSTEGNI PER IL MERCATO DEL LAVORO;71;FORMAZIONE PER IL LAVORO;018;INTERVENTI INTEGRATI DI FORMAZIONE PER PERSONE VULNERABILI;0;
11;ISTRUZIONE, FORMAZIONE E SOSTEGNI PER IL MERCATO DEL LAVORO;71;FORMAZIONE PER IL LAVORO;019;FORMAZIONE NELL'AMBITO DELL'APPRENDISTATO DI ALTA FORMAZIONE E RICERCA;0;
11;ISTRUZIONE, FORMAZIONE E SOSTEGNI PER IL MERCATO DEL LAVORO;71;FORMAZIONE PER IL LAVORO;020;FORMAZIONE FINALIZZATA AL REINSERIMENTO LAVORATIVO;0;
11;ISTRUZIONE, FORMAZIONE E SOSTEGNI PER IL MERCATO DEL LAVORO;71;FORMAZIONE PER IL LAVORO;071;ALTA FORMAZIONE NELL'AMBITO DEI CICLI UNIVERSITARI;0;
11;ISTRUZIONE, FORMAZIONE E SOSTEGNI PER IL MERCATO DEL LAVORO;71;FORMAZIONE PER IL LAVORO;072;ALTA FORMAZIONE POST CICLO UNIVERSITARIO;0;
11;ISTRUZIONE, FORMAZIONE E SOSTEGNI PER IL MERCATO DEL LAVORO;71;FORMAZIONE PER IL LAVORO;081;FORMAZIONE PERMANENTE AGGIORNAMENTO CULTURALE;0;
11;ISTRUZIONE, FORMAZIONE E SOSTEGNI PER IL MERCATO DEL LAVORO;71;FORMAZIONE PER IL LAVORO;082;FORMAZIONE PERMANENTE AGGIORNAMENTO PROFESSIONALE E TECNICO;0;
11;ISTRUZIONE, FORMAZIONE E SOSTEGNI PER IL MERCATO DEL LAVORO;71;FORMAZIONE PER IL LAVORO;708;FORMAZIONE CONGIUNTA DI FORMATORI, DOCENTI, TUTOR AZIENDALI E PERSONALE UNIVERSITA;0;
11;ISTRUZIONE, FORMAZIONE E SOSTEGNI PER IL MERCATO DEL LAVORO;71;FORMAZIONE PER IL LAVORO;709;FORMAZIONE PROFESSIONALE IN AGRICOLTURA E NEL SETTORE FORESTALE;0;
11;ISTRUZIONE, FORMAZIONE E SOSTEGNI PER IL MERCATO DEL LAVORO;71;FORMAZIONE PER IL LAVORO;710;FORMAZIONE PROFESSIONALE NEL SETTORE DELLA PESCA E DELL'ACQUACOLTURA;0;
11;ISTRUZIONE, FORMAZIONE E SOSTEGNI PER IL MERCATO DEL LAVORO;71;FORMAZIONE PER IL LAVORO;999;ALTRE ATTIVITA' DI POTENZIAMENTO DELL'ISTRUZIONE E DELLA FORMAZIONE PROFESSIONALE;0;
11;ISTRUZIONE, FORMAZIONE E SOSTEGNI PER IL MERCATO DEL LAVORO;72;ALTRI STRUMENTI FORMATIVI E DI WORK-EXPERIENCE;001;TIROCINI, STAGE E MOBILITA' INTERNAZIONALE;0;
11;ISTRUZIONE, FORMAZIONE E SOSTEGNI PER IL MERCATO DEL LAVORO;72;ALTRI STRUMENTI FORMATIVI E DI WORK-EXPERIENCE;002;PIANI D'INSERIMENTO PROFESSIONALE;0;
11;ISTRUZIONE, FORMAZIONE E SOSTEGNI PER IL MERCATO DEL LAVORO;72;ALTRI STRUMENTI FORMATIVI E DI WORK-EXPERIENCE;003;BORSE DI LAVORO;0;
11;ISTRUZIONE, FORMAZIONE E SOSTEGNI PER IL MERCATO DEL LAVORO;72;ALTRI STRUMENTI FORMATIVI E DI WORK-EXPERIENCE;004;LAVORI DI PUBBLICA UTILITA' / LAVORI SOCIALMENTE UTILI;0;
11;ISTRUZIONE, FORMAZIONE E SOSTEGNI PER IL MERCATO DEL LAVORO;72;ALTRI STRUMENTI FORMATIVI E DI WORK-EXPERIENCE;005;ALTRE FORME;0;
11;ISTRUZIONE, FORMAZIONE E SOSTEGNI PER IL MERCATO DEL LAVORO;72;ALTRI STRUMENTI FORMATIVI E DI WORK-EXPERIENCE;006;SERVIZIO CIVILE;0;
11;ISTRUZIONE, FORMAZIONE E SOSTEGNI PER IL MERCATO DEL LAVORO;72;ALTRI STRUMENTI FORMATIVI E DI WORK-EXPERIENCE;007;ATTIVITA' DIMOSTRATIVE E AZIONE DI INFORMAZIONE IN AGRICOLTURA E NEL SETTORE FORESTALE;0;
11;ISTRUZIONE, FORMAZIONE E SOSTEGNI PER IL MERCATO DEL LAVORO;72;ALTRI STRUMENTI FORMATIVI E DI WORK-EXPERIENCE;008;SCAMBI INTERAZIENDALI E VISITE PRESSO AZIENDE AGRICOLE E FORESTALI;0;
11;ISTRUZIONE, FORMAZIONE E SOSTEGNI PER IL MERCATO DEL LAVORO;72;ALTRI STRUMENTI FORMATIVI E DI WORK-EXPERIENCE;011;PERCORSI FORMATIVI INTEGRATI PER L'INSERIMENTO LAVORATIVO;0;
11;ISTRUZIONE, FORMAZIONE E SOSTEGNI PER IL MERCATO DEL LAVORO;72;ALTRI STRUMENTI FORMATIVI E DI WORK-EXPERIENCE;012;PERCORSI FORMATIVI INTEGRATI PER LA CREAZIONE DI IMPRESA;0;
11;ISTRUZIONE, FORMAZIONE E SOSTEGNI PER IL MERCATO DEL LAVORO;75;CONTRIBUTI ED INCENTIVI AL LAVORO;801;INCENTIVI ALL'AVVIO DI ATTIVITA' EXTRA AGRICOLA;0;
11;ISTRUZIONE, FORMAZIONE E SOSTEGNI PER IL MERCATO DEL LAVORO;75;CONTRIBUTI ED INCENTIVI AL LAVORO;802;SGRAVI CONTRIBUTIVI;0;
11;ISTRUZIONE, FORMAZIONE E SOSTEGNI PER IL MERCATO DEL LAVORO;75;CONTRIBUTI ED INCENTIVI AL LAVORO;803;INTERVENTI DI MICROFINANZA;0;
11;ISTRUZIONE, FORMAZIONE E SOSTEGNI PER IL MERCATO DEL LAVORO;75;CONTRIBUTI ED INCENTIVI AL LAVORO;804;INCENTIVI DIRETTI PER LA CREAZIONE DELLE IMPRESE;0;
11;ISTRUZIONE, FORMAZIONE E SOSTEGNI PER IL MERCATO DEL LAVORO;75;CONTRIBUTI ED INCENTIVI AL LAVORO;805;INCENTIVI ALLE PERSONE PER LA MOBILITA' GEOGRAFICA PER LA RICERCA DEL LAVORO;0;
11;ISTRUZIONE, FORMAZIONE E SOSTEGNI PER IL MERCATO DEL LAVORO;75;CONTRIBUTI ED INCENTIVI AL LAVORO;806;INCENTIVI ALLE IMPRESE PER L'INNOVAZIONE TECNOLOGICA ED ORGANIZZATIVA;0;
11;ISTRUZIONE, FORMAZIONE E SOSTEGNI PER IL MERCATO DEL LAVORO;75;CONTRIBUTI ED INCENTIVI AL LAVORO;807;INCENTIVI DIRETTI PER IL CONSOLIDAMENTO DELLE IMPRESE;0;
11;ISTRUZIONE, FORMAZIONE E SOSTEGNI PER IL MERCATO DEL LAVORO;75;CONTRIBUTI ED INCENTIVI AL LAVORO;808;CONTRIBUTI E PREMI A GIOVANI AGRICOLTORI;0;
11;ISTRUZIONE, FORMAZIONE E SOSTEGNI PER IL MERCATO DEL LAVORO;75;CONTRIBUTI ED INCENTIVI AL LAVORO;809;AIUTI AI LAVORATORI DELLA PESCA E ACQUACOLTURA;0;
11;ISTRUZIONE, FORMAZIONE E SOSTEGNI PER IL MERCATO DEL LAVORO;75;CONTRIBUTI ED INCENTIVI AL LAVORO;810;SOSTEGNI ALLE IMPRESE PER L'INSEDIAMENTO DI GIOVANI AGRICOLTORI;0;
11;ISTRUZIONE, FORMAZIONE E SOSTEGNI PER IL MERCATO DEL LAVORO;75;CONTRIBUTI ED INCENTIVI AL LAVORO;811;INCENTIVI ALLE PERSONE PER LA FORMAZIONE;0;
11;ISTRUZIONE, FORMAZIONE E SOSTEGNI PER IL MERCATO DEL LAVORO;75;CONTRIBUTI ED INCENTIVI AL LAVORO;812;INCENTIVI ALLE PERSONE PER IL LAVORO AUTONOMO;0;
11;ISTRUZIONE, FORMAZIONE E SOSTEGNI PER IL MERCATO DEL LAVORO;75;CONTRIBUTI ED INCENTIVI AL LAVORO;813;INCENTIVI ALLE PERSONE PER LA MOBILITA' GEOGRAFICA PER IL LAVORO;0;
11;ISTRUZIONE, FORMAZIONE E SOSTEGNI PER IL MERCATO DEL LAVORO;75;CONTRIBUTI ED INCENTIVI AL LAVORO;814;INCENTIVI ALLE IMPRESE PER JOB ROTATION;0;
11;ISTRUZIONE, FORMAZIONE E SOSTEGNI PER IL MERCATO DEL LAVORO;75;CONTRIBUTI ED INCENTIVI AL LAVORO;815;INCENTIVI ALLE PERSONE PER I SERVIZI DI CONCILIAZIONE;0;
11;ISTRUZIONE, FORMAZIONE E SOSTEGNI PER IL MERCATO DEL LAVORO;75;CONTRIBUTI ED INCENTIVI AL LAVORO;816;INCENTIVI ALLE IMPRESE PER JOB SHARING;0;
11;ISTRUZIONE, FORMAZIONE E SOSTEGNI PER IL MERCATO DEL LAVORO;75;CONTRIBUTI ED INCENTIVI AL LAVORO;817;PICCOLI INCENTIVI ALLE IMPRESE SOCIALI;0;
11;ISTRUZIONE, FORMAZIONE E SOSTEGNI PER IL MERCATO DEL LAVORO;75;CONTRIBUTI ED INCENTIVI AL LAVORO;818;INCENTIVI ALLA TRASFORMAZIONE DI FORME DI LAVORO ATIPICO;0;
11;ISTRUZIONE, FORMAZIONE E SOSTEGNI PER IL MERCATO DEL LAVORO;75;CONTRIBUTI ED INCENTIVI AL LAVORO;819;INCENTIVI AI CONTRATTI DI RIALLINEAMENTO RETRIBUTIVO;0;
11;ISTRUZIONE, FORMAZIONE E SOSTEGNI PER IL MERCATO DEL LAVORO;75;CONTRIBUTI ED INCENTIVI AL LAVORO;820;INCENTIVI ALLE IMPRESE PER NUOVE ASSUNZIONI;0;
11;ISTRUZIONE, FORMAZIONE E SOSTEGNI PER IL MERCATO DEL LAVORO;75;CONTRIBUTI ED INCENTIVI AL LAVORO;821;INCENTIVI ALLE IMPRESE PER L'OCCUPAZIONE, INCENTIVAZIONE DEL TEMPO PARZIALE;0;
11;ISTRUZIONE, FORMAZIONE E SOSTEGNI PER IL MERCATO DEL LAVORO;75;CONTRIBUTI ED INCENTIVI AL LAVORO;999;ALTRI CONTRIBUTI ALL'OCCUPAZIONE;0;
11;ISTRUZIONE, FORMAZIONE E SOSTEGNI PER IL MERCATO DEL LAVORO;80;ALTRI SOSTEGNI PER IL MERCATO DEL LAVORO;800;ORIENTAMENTO E CONSULENZA E INFORMAZIONE;0;
11;ISTRUZIONE, FORMAZIONE E SOSTEGNI PER IL MERCATO DEL LAVORO;80;ALTRI SOSTEGNI PER IL MERCATO DEL LAVORO;804;OSSERVATORI DEL MERCATO DEL LAVORO;0;
11;ISTRUZIONE, FORMAZIONE E SOSTEGNI PER IL MERCATO DEL LAVORO;80;ALTRI SOSTEGNI PER IL MERCATO DEL LAVORO;807;SOSTEGNI ALL'USCITA DAL MERCATO DEL LAVORO;0;
11;ISTRUZIONE, FORMAZIONE E SOSTEGNI PER IL MERCATO DEL LAVORO;80;ALTRI SOSTEGNI PER IL MERCATO DEL LAVORO;813;CREAZIONE DI ASSOCIAZIONE DI OPERATORI FORESTALI;0;
11;ISTRUZIONE, FORMAZIONE E SOSTEGNI PER IL MERCATO DEL LAVORO;80;ALTRI SOSTEGNI PER IL MERCATO DEL LAVORO;817;AZIONI DI TUTORAGGIO PER AZIENDE AGRICOLE E FORESTALI;0;
11;ISTRUZIONE, FORMAZIONE E SOSTEGNI PER IL MERCATO DEL LAVORO;80;ALTRI SOSTEGNI PER IL MERCATO DEL LAVORO;899;ALTRI SOSTEGNI PER IL MERCATO DEL LAVORO;0;
02;INFRASTRUTTURE AMBIENTALI E RISORSE IDRICHE;15;RISORSE IDRICHE E ACQUE REFLUE;110;DIGHE;0;
02;INFRASTRUTTURE AMBIENTALI E RISORSE IDRICHE;15;RISORSE IDRICHE E ACQUE REFLUE;111;BACINI IRRIGUI, TRAVERSE E STRUTTURE MINORI DI ACCUMULO;0;
02;INFRASTRUTTURE AMBIENTALI E RISORSE IDRICHE;15;RISORSE IDRICHE E ACQUE REFLUE;112;STRUTTURE/INFRASTRUTTURE PER LA CAPTAZIONE E ADDUZIONE DELL'ACQUA PER USI NON AGRICOLI O AD USO PLURIMO;0;
02;INFRASTRUTTURE AMBIENTALI E RISORSE IDRICHE;15;RISORSE IDRICHE E ACQUE REFLUE;117;DISSALATORI  E STRUTTURE/INFRASTRUTTURE PER LA  POTABILIZZAZIONE;0;
02;INFRASTRUTTURE AMBIENTALI E RISORSE IDRICHE;15;RISORSE IDRICHE E ACQUE REFLUE;118;RETI IDRICHE URBANE;0;
02;INFRASTRUTTURE AMBIENTALI E RISORSE IDRICHE;15;RISORSE IDRICHE E ACQUE REFLUE;120;SERBATOI ED IMPIANTI DI SOLLEVAMENTO;0;
02;INFRASTRUTTURE AMBIENTALI E RISORSE IDRICHE;15;RISORSE IDRICHE E ACQUE REFLUE;122;RETI PER IL COLLETTAMENTO DELLE ACQUE PLUVIALI;0;
02;INFRASTRUTTURE AMBIENTALI E RISORSE IDRICHE;15;RISORSE IDRICHE E ACQUE REFLUE;999;ALTRE STRUTTURE/INFRASTRUTTURE PER L'UTILIZZO DELLE RISORSE IDRICHE;0;
02;INFRASTRUTTURE AMBIENTALI E RISORSE IDRICHE;15;RISORSE IDRICHE E ACQUE REFLUE;114;IMPIANTI DEPURAZIONE ACQUE;0;
02;INFRASTRUTTURE AMBIENTALI E RISORSE IDRICHE;15;RISORSE IDRICHE E ACQUE REFLUE;115;IMPIANTI DI PRE-TRATTAMENTO, STOCCAGGIO, SOLLEVAMENTO E RIUTILIZZO ACQUE REFLUE;0;
02;INFRASTRUTTURE AMBIENTALI E RISORSE IDRICHE;15;RISORSE IDRICHE E ACQUE REFLUE;116;RETI FOGNARIE;0;
02;INFRASTRUTTURE AMBIENTALI E RISORSE IDRICHE;15;RISORSE IDRICHE E ACQUE REFLUE;123;CORPI IDRICI: MIGLIORAMENTO DELLA QUALITA';0;
02;INFRASTRUTTURE AMBIENTALI E RISORSE IDRICHE;15;RISORSE IDRICHE E ACQUE REFLUE;113;STRUTTURE/INFRASTRUTTURE PER LA CAPTAZIONE E ADDUZIONE DELL'ACQUA PER ESCLUSIVO USO AGRICOLO;0;
02;INFRASTRUTTURE AMBIENTALI E RISORSE IDRICHE;15;RISORSE IDRICHE E ACQUE REFLUE;119;RETI IDRICHE RURALI;0;
02;INFRASTRUTTURE AMBIENTALI E RISORSE IDRICHE;15;RISORSE IDRICHE E ACQUE REFLUE;121;RETI IDRICHE INDUSTRIALI;0;
02;INFRASTRUTTURE AMBIENTALI E RISORSE IDRICHE;15;RISORSE IDRICHE E ACQUE REFLUE;133;IMPIANTI E RETI IRRIGUE INTERAZIENDALI;0;
06;OPERE, IMPIANTI ED ATTREZZATURE PER ATTIVITA' PRODUTTIVE, E LA RICERCA E L'IMPRESA SOCIALE;13;OPERE,  IMPIANTI ED ATTREZZATURE PER L'AGRICOLTURA, LA ZOOTECNIA E L'AGROALIMENTARE;129;IMPIANTI E RETI IRRIGUE AZIENDALI;0;
01;INFRASTRUTTURE DI TRASPORTO;04;MARITTIME LACUALI E FLUVIALI;042;IDROVIE E STRUTTURE/INFRASTRUTTURE FLUVIALI;0;
02;INFRASTRUTTURE AMBIENTALI E RISORSE IDRICHE;05;DIFESA DEL SUOLO;051;CORSI D'ACQUA;0;
02;INFRASTRUTTURE AMBIENTALI E RISORSE IDRICHE;05;DIFESA DEL SUOLO;121;REGIMAZIONE ACQUE;0;
02;INFRASTRUTTURE AMBIENTALI E RISORSE IDRICHE;11;PROTEZIONE, VALORIZZAZIONE E FRUIZIONE DELL'AMBIENTE;123;SISTEMI DI MONITORAGGIO AMBIENTALE E TELECONTROLLO DELL'INQUINAMENTO;0;
03;INFRASTRUTTURE DEL SETTORE ENERGETICO;06;PRODUZIONE  DI ENERGIA;061;IMPIANTI PRODUZIONE IDROELETTRICA;0;
06;OPERE, IMPIANTI ED ATTREZZATURE PER ATTIVITA' PRODUTTIVE, E LA RICERCA E L'IMPRESA SOCIALE;13;OPERE,  IMPIANTI ED ATTREZZATURE PER L'AGRICOLTURA, LA ZOOTECNIA E L'AGROALIMENTARE;145;RETI DI MONITORAGGIO AGROMETEREOLOGICO;0;
08;RICERCA SVILUPPO TECNOLOGICO ED INNOVAZIONE;60;PROGETTI DI DIFFUSIONE E COOPERAZIONE PUBBLICO-PRIVATA;602;INFRASTRUTTURE E PIANIFICAZIONE DEL TERRITORIO;0;
08;RICERCA SVILUPPO TECNOLOGICO ED INNOVAZIONE;62;PROGETTI DI RICERCA E  DI INNOVAZIONE PRESSO IMPRESE;625;TECNOLOGIE PER LA SALVAGUARDIA DELL'AMBIENTE;0;
